PLAYER_ID,PLAYER_NAME,PTS,EFG_PCT,USG_PCT,STL,BLK,DREB,Fear_Factor
203954,JOEL EMBIID,34.7,0.561,0.387,1.2,1.7,8.6,6.882750000000001
1629029,LUKA DONČIĆ,33.9,0.573,0.355,1.4,0.5,8.4,6.655349999999999
203507,GIANNIS ANTETOKOUNMPO,30.4,0.624,0.32,1.2,1.1,8.8,6.225299999999999
203999,NIKOLA JOKIĆ,26.4,0.612,0.288,1.4,0.9,9.5,5.7231
1628983,SHAI GILGEOUS-ALEXANDER,30.1,0.567,0.317,2.0,0.9,4.7,5.59845
203076,ANTHONY DAVIS,24.7,0.567,0.261,1.2,2.3,9.5,5.54505
1628369,JAYSON TATUM,26.9,0.552,0.296,1.0,0.6,7.2,5.389799999999999
201142,KEVIN DURANT,27.1,0.581,0.283,0.9,1.2,6.1,5.29615
2544,LEBRON JAMES,25.7,0.599,0.285,1.3,0.5,6.4,5.11255
1628973,JALEN BRUNSON,28.7,0.543,0.311,0.9,0.2,3.1,5.007749999999999
1627668,BREANNA STEWART,23.0,0.525,0.264,1.5,1.6,7.7,4.9821
1628932,A'JA WILSON,22.8,0.565,0.279,1.4,2.2,7.5,4.96985
1641705,VICTOR WEMBANYAMA,21.3,0.517,0.312,1.2,3.6,8.4,4.965199999999999
1628378,DONOVAN MITCHELL,26.6,0.545,0.301,1.8,0.5,4.3,4.961649999999999
1630162,ANTHONY EDWARDS,25.9,0.522,0.314,1.3,0.5,4.8,4.8915
1628368,DE'AARON FOX,26.6,0.534,0.3,2.0,0.4,3.7,4.8768
1626164,DEVIN BOOKER,27.1,0.55,0.289,0.9,0.4,3.7,4.87085
203944,JULIUS RANDLE,24.0,0.518,0.287,0.5,0.3,7.0,4.85665
201939,STEPHEN CURRY,26.4,0.573,0.302,0.7,0.4,4.0,4.8024
202681,KYRIE IRVING,25.6,0.573,0.274,1.3,0.5,4.2,4.760699999999999
1629630,JA MORANT,25.1,0.512,0.296,0.8,0.6,4.9,4.7518
1630644,MAC MCCLUNG,25.7,0.579,0.269,1.1,0.6,4.0,4.738649999999999
1627734,DOMANTAS SABONIS,19.4,0.609,0.22,0.9,0.6,10.1,4.6922999999999995
202695,KAWHI LEONARD,23.7,0.585,0.261,1.6,0.9,4.9,4.633649999999999
1630178,TYRESE MAXEY,25.9,0.524,0.273,1.0,0.5,3.2,4.623249999999999
1628374,LAURI MARKKANEN,23.2,0.578,0.241,0.9,0.5,5.9,4.62175
1629483,NAPHEESA COLLIER,21.5,0.512,0.281,1.6,1.2,6.6,4.5695500000000004
1626157,KARL-ANTHONY TOWNS,21.8,0.575,0.268,0.7,0.7,6.8,4.5502
1631094,PAOLO BANCHERO,22.6,0.497,0.292,0.9,0.6,5.9,4.5306999999999995
204319,JEWELL LOYD,24.7,0.445,0.315,1.0,0.4,3.6,4.48625
203081,DAMIAN LILLARD,24.3,0.51,0.274,1.0,0.2,3.9,4.463100000000001
1629027,TRAE YOUNG,25.7,0.516,0.289,1.3,0.2,2.3,4.4590499999999995
1630163,LAMELO BALL,23.9,0.515,0.315,1.8,0.2,3.8,4.4552499999999995
201942,DEMAR DEROZAN,24.0,0.507,0.252,1.1,0.6,3.8,4.436699999999999
1628398,KYLE KUZMA,22.2,0.521,0.295,0.5,0.7,5.7,4.42345
1629164,BRANDON GOODWIN,22.9,0.473,0.256,0.8,0.6,5.0,4.423
1630578,ALPEREN SENGUN,21.1,0.553,0.27,1.2,0.7,6.4,4.4186
1628389,BAM ADEBAYO,19.3,0.529,0.247,1.1,0.9,8.1,4.40285
202331,PAUL GEORGE,22.6,0.569,0.264,1.5,0.5,4.7,4.3984
1627759,JAYLEN BROWN,23.0,0.557,0.283,1.2,0.5,4.3,4.3763499999999995
1628991,JAREN JACKSON JR.,22.5,0.495,0.302,1.2,1.6,4.2,4.3593
1630217,DESMOND BANE,23.7,0.552,0.273,1.0,0.5,3.5,4.34385
1629627,ZION WILLIAMSON,22.9,0.573,0.285,1.1,0.7,4.1,4.34235
1628970,MILES BRIDGES,21.0,0.527,0.242,0.9,0.5,6.3,4.3417
1627749,DEJOUNTE MURRAY,22.5,0.528,0.259,1.4,0.3,4.5,4.32195
1627783,PASCAL SIAKAM,21.7,0.569,0.25,0.8,0.3,5.3,4.283799999999999
203014,NNEKA OGWUMIKE,19.1,0.532,0.262,1.7,0.7,7.1,4.255700000000001
1641842,RONALD HOLLAND II,20.6,0.47,0.268,2.5,0.7,5.1,4.2292000000000005
1630567,SCOTTIE BARNES,19.9,0.528,0.24,1.3,1.5,5.9,4.2216
1630595,CADE CUNNINGHAM,22.7,0.5,0.298,0.9,0.4,3.8,4.217199999999999
1629633,JARRETT CULVER,20.9,0.519,0.256,1.9,0.8,4.9,4.2147
204001,KRISTAPS PORZIŅĢIS,20.1,0.589,0.247,0.7,1.9,5.5,4.189850000000001
202696,NIKOLA VUČEVIĆ,18.0,0.522,0.233,0.7,0.8,7.8,4.12185
1630613,DUANE WASHINGTON JR.,22.5,0.545,0.293,0.7,0.1,3.5,4.1129500000000005
1629014,ANFERNEE SIMONS,22.6,0.523,0.276,0.5,0.1,3.2,4.061
1629639,TYLER HERRO,20.8,0.531,0.268,0.7,0.1,4.8,4.0464
1627742,BRANDON INGRAM,20.8,0.534,0.269,0.8,0.6,4.4,4.03215
1630560,CAM THOMAS,22.5,0.503,0.296,0.7,0.2,2.8,4.0075
1630625,DALANO BANTON,18.266666666666666,0.511,0.292,3.1,2.9,4.333333333333333,3.9859999999999993
1629028,DEANDRE AYTON,16.7,0.571,0.211,1.0,0.8,7.9,3.97085
1627750,JAMAL MURRAY,21.2,0.554,0.273,1.0,0.7,3.4,3.9692499999999997
1630149,SATOU SABALLY,18.6,0.495,0.24,1.8,0.4,5.8,3.9599999999999995
202710,JIMMY BUTLER III,20.8,0.537,0.235,1.3,0.3,3.6,3.9226500000000004
1629628,RJ BARRETT,20.2,0.547,0.257,0.5,0.4,4.5,3.9204499999999998
1629481,ARIKE OGUNBOWALE,21.2,0.475,0.255,1.7,0.1,2.9,3.8832499999999994
1628386,JARRETT ALLEN,16.5,0.634,0.191,0.7,1.1,7.4,3.8754500000000007
1630527,BRANDON BOSTON,19.6,0.466,0.3025,3.3,0.3,3.5,3.8735749999999998
203897,ZACH LAVINE,19.5,0.531,0.238,0.8,0.3,4.8,3.8693999999999997
1630224,JALEN GREEN,19.6,0.498,0.27,0.8,0.3,4.7,3.8676
1630532,FRANZ WAGNER,19.7,0.525,0.25,1.1,0.4,4.3,3.8549999999999995
203497,RUDY GOBERT,14.0,0.661,0.152,0.7,2.1,9.2,3.845
203924,JERAMI GRANT,21.0,0.516,0.255,0.8,0.6,2.9,3.83145
203468,CJ MCCOLLUM,20.0,0.572,0.244,0.9,0.6,3.7,3.8185
1631096,CHET HOLMGREN,16.5,0.593,0.212,0.7,2.4,6.4,3.8179000000000003
1630169,TYRESE HALIBURTON,20.1,0.57,0.239,1.2,0.7,3.4,3.8173500000000002
203826,ALYSSA THOMAS,15.5,0.474,0.221,1.8,0.5,7.9,3.8104499999999994
1626159,JUSTISE WINSLOW,16.7,0.514,0.247,1.8,1.1,6.3,3.8073499999999996
1630552,JALEN JOHNSON,16.0,0.562,0.184,1.2,0.8,7.4,3.8
1641948,JORDAN WALKER,21.5,0.601,0.288,1.1,0.3,2.0,3.7933999999999997
1630596,EVAN MOBLEY,15.7,0.6,0.2,0.9,1.4,7.1,3.7424999999999997
1628969,MIKAL BRIDGES,19.6,0.521,0.238,1.0,0.4,3.7,3.7399
1626179,TERRY ROZIER,19.8,0.518,0.253,1.0,0.3,3.5,3.7340500000000003
1630544,TRE MANN,14.6,0.663,0.221,7.0,1.4,4.966666666666666,3.7307499999999996
1626167,MYLES TURNER,17.1,0.587,0.234,0.5,1.9,5.5,3.7225
203398,BRITTNEY GRINER,17.5,0.561,0.272,0.5,1.6,5.1,3.7005
1630170,DEVIN VASSELL,19.5,0.55,0.229,1.1,0.3,3.4,3.6843500000000002
203827,NATASHA HOWARD,16.5,0.494,0.228,1.3,1.2,5.9,3.6805000000000003
1629632,COBY WHITE,19.1,0.534,0.224,0.7,0.2,4.0,3.6729000000000007
1631254,KENNETH LOFTON JR.,15.800000000000002,0.592,0.25733333333333336,3.5,2.6,4.5,3.6595
1631114,JALEN WILLIAMS,19.1,0.593,0.232,1.1,0.6,3.4,3.6559
202699,TOBIAS HARRIS,17.2,0.535,0.203,1.0,0.7,5.3,3.63995
1631241,JAVON FREEMAN-LIBERTY,17.466666666666665,0.577,0.22866666666666668,2.5,1.4,3.766666666666667,3.6271999999999998
1631105,JALEN DUREN,14.0,0.622,0.182,0.5,0.8,8.4,3.6092000000000004
1629008,MICHAEL PORTER JR.,16.7,0.586,0.202,0.5,0.7,5.7,3.5975
1628396,TONY BRADLEY,15.1,0.653,0.228,0.0,1.9,6.8,3.5923
1627674,KAHLEAH COPPER,18.7,0.507,0.27,0.9,0.3,3.7,3.5919
201886,DEWANNA BONNER,17.4,0.494,0.248,1.1,0.6,4.7,3.5785
1631019,NALYSSA SMITH,15.5,0.501,0.26,0.3,0.3,7.1,3.5742
1627746,SKAL LABISSIERE,16.8,0.657,0.206,0.7,1.7,4.6,3.5523000000000002
1631009,RHYNE HOWARD,17.5,0.469,0.241,1.3,0.6,4.3,3.54245
1629477,SABRINA IONESCU,17.0,0.562,0.225,1.0,0.3,4.8,3.51365
203078,BRADLEY BEAL,18.2,0.582,0.224,1.0,0.5,3.4,3.5025000000000004
1630531,JADEN SPRINGER,16.033333333333335,0.639,0.23466666666666666,4.5,1.5,3.0666666666666664,3.4779999999999998
201935,JAMES HARDEN,16.6,0.541,0.202,1.1,0.8,4.7,3.4760000000000004
90069,,20.0,0.667,0.279,2.0,0.0,1.0,3.47525
203399,ELENA DELLE DONNE,16.7,0.526,0.251,0.8,0.9,4.6,3.46535
1630590,SCOTTY PIPPEN JR.,15.55,0.567,0.23099999999999998,4.7,1.5,3.45,3.46305
1631213,TYRESE MARTIN,15.5,0.519,0.22599999999999998,2.0,0.8999999999999999,5.2,3.4601999999999995
1628280,BRIONNA JONES,15.9,0.579,0.204,1.8,0.5,5.0,3.4538999999999995
203087,JEREMY LAMB,15.0,0.588,0.238,1.4,1.4,5.6,3.4532999999999996
1629033,THEO PINSON,15.9,0.52,0.209,1.5,0.9,5.0,3.4503499999999994
1628381,JOHN COLLINS,15.1,0.59,0.199,0.6,0.9,6.1,3.4403499999999996
1641713,GG JACKSON,16.65,0.556,0.2195,1.3,1.2,3.95,3.4216249999999997
1627832,FRED VANVLEET,17.4,0.527,0.194,1.4,0.8,3.4,3.4195
1630528,JOSH CHRISTOPHER,17.0,0.523,0.253,1.5,0.5,3.8,3.4125499999999995
1631288,JAMAL CAIN,14.8,0.55,0.203,2.8,1.5,4.8500000000000005,3.41045
1629498,JACKIE YOUNG,17.6,0.617,0.207,1.3,0.1,3.4,3.4094500000000005
1629496,EZI MAGBEGOR,13.8,0.548,0.19,1.1,1.9,6.5,3.4081
1631238,MICHAEL DEVOE,16.8,0.649,0.244,2.4000000000000004,0.8999999999999999,3.0999999999999996,3.3989
1642022,GEORGE CONDITT IV,14.4,0.661,0.158,0.7,1.6,5.9,3.3734
1641706,BRANDON MILLER,17.2,0.521,0.235,0.9,0.6,3.6,3.3719499999999996
1628277,ALLISHA GRAY,17.1,0.51,0.213,1.1,0.4,3.7,3.36645
1628276,KELSEY PLUM,18.7,0.566,0.229,1.1,0.0,2.2,3.3650499999999997
1630166,DENI AVDIJA,14.7,0.56,0.196,0.8,0.5,6.1,3.3588999999999998
1626156,D'ANGELO RUSSELL,18.0,0.56,0.222,0.9,0.5,2.7,3.3552999999999997
1631115,ORLANDO ROBINSON,14.8,0.595,0.2295,1.7000000000000002,2.4,4.4,3.3409250000000004
1631095,JABARI SMITH JR.,14.3,0.538,0.178,0.7,0.8,6.3,3.3368
202691,KLAY THOMPSON,17.9,0.551,0.234,0.6,0.5,2.8,3.3327999999999998
1641648,ALIYAH BOSTON,14.5,0.583,0.191,1.3,1.3,5.3,3.31025
1630667,KYLE MANGAS,18.0,0.552,0.197,1.2,0.6,2.2,3.30495
1628279,BRITTNEY SYKES,15.9,0.492,0.243,2.1,0.3,4.0,3.29985
1629598,CHRIS CLEMONS,15.4,0.514,0.228,1.2,0.5,4.8,3.2945
1630193,IMMANUEL QUICKLEY,17.0,0.53,0.233,0.7,0.1,3.6,3.29095
1630314,BRANDON WILLIAMS,16.233333333333334,0.576,0.25933333333333336,3.1,1.1,2.566666666666667,3.2891000000000004
1630536,SHARIFE COOPER,16.4,0.539,0.246,2.4000000000000004,1.1,2.8,3.2871999999999995
1629012,COLLIN SEXTON,18.7,0.549,0.267,0.8,0.2,1.7,3.2848499999999996
202702,KENNETH FARIED,12.7,0.627,0.187,0.6,1.5,7.1,3.2809499999999994
1630551,JUSTIN CHAMPAGNIE,13.666666666666666,0.557,0.20099999999999998,3.0,3.1,4.2,3.27905
1629625,JUSTIN WRIGHT-FOREMAN,18.3,0.513,0.276,0.5,0.1,2.3,3.279
1630700,DYSON DANIELS,14.25,0.708,0.20750000000000002,7.4,1.5,2.0,3.2777249999999998
1628221,GABE YORK,15.9,0.508,0.201,1.5,0.3,4.1,3.266749999999999
1641824,MATAS BUZELIS,14.3,0.483,0.214,0.9,2.1,5.1,3.2637
1629636,DARIUS GARLAND,18.0,0.524,0.249,1.3,0.1,2.1,3.2621499999999997
204323,CHEYENNE PARKER-TYUS,15.0,0.498,0.252,1.1,1.5,4.5,3.2573999999999996
202362,LANCE STEPHENSON,14.3,0.526,0.215,0.9,0.1,5.9,3.24245
1631222,JAKE LARAVIA,16.85,0.477,0.23299999999999998,2.0,1.0,2.35,3.2353500000000004
1628995,KEVIN KNOX II,14.9,0.546,0.21150000000000002,1.2000000000000002,1.3,4.45,3.230925
1631099,KEEGAN MURRAY,15.7,0.551,0.183,1.0,0.8,4.0,3.22765
1630835,LJ FIGUEROA,17.0,0.662,0.266,0.7,0.0,3.0,3.2248
1641722,JORDAN HAWKINS,16.85,0.537,0.2305,1.9,0.6,2.45,3.2244750000000004
1631101,SHAEDON SHARPE,16.1,0.464,0.227,0.9,0.4,3.8,3.2093499999999997
203992,BOGDAN BOGDANOVIĆ,16.9,0.537,0.218,1.2,0.3,2.8,3.2075999999999993
1630569,DJ STEWARD,16.75,0.571,0.267,1.4,0.6,2.5999999999999996,3.2067499999999995
1629651,NIC CLAXTON,11.8,0.63,0.156,0.6,2.1,7.2,3.2019
1629673,JORDAN POOLE,17.4,0.491,0.256,1.1,0.3,2.3,3.1966
1630228,JONATHAN KUMINGA,16.1,0.56,0.237,0.7,0.5,3.6,3.19255
1629640,KELDON JOHNSON,15.7,0.527,0.212,0.7,0.3,4.1,3.1822
1642050,JACKSON ROWE,13.8,0.597,0.166,1.4,1.5,4.9,3.1667999999999994
1641766,ADAMA SANOGO,14.1,0.615,0.2255,1.2999999999999998,1.5,4.55,3.164325
1626171,BOBBY PORTIS,13.8,0.562,0.224,0.8,0.4,5.7,3.1609999999999996
1641723,KOBE BUFKIN,15.25,0.513,0.2885,1.9,1.0,3.4,3.1608750000000008
1630561,DAVID DUKE JR.,14.133333333333333,0.639,0.22366666666666668,3.6,0.6000000000000001,3.733333333333333,3.1563499999999998
1629750,JAVONTE GREEN,12.5,0.667,0.188,2.4000000000000004,1.6,5.45,3.1541
1630559,AUSTIN REAVES,15.9,0.568,0.198,0.8,0.3,3.6,3.1508
203098,JOHN JENKINS,17.5,0.614,0.182,1.3,0.1,1.8,3.1501
203994,JUSUF NURKIĆ,10.9,0.528,0.187,1.1,1.1,8.1,3.14865
203833,CHELSEA GRAY,15.3,0.56,0.205,1.4,0.6,3.7,3.14275
100940,DIANA TAURASI,16.0,0.503,0.275,0.5,0.5,3.5,3.14185
1628909,KELSEY MITCHELL,18.2,0.533,0.226,0.9,0.1,1.3,3.1404999999999994
1641854,CRAIG PORTER JR.,14.9,0.571,0.2465,3.0,1.9,2.55,3.1361749999999997
1628395,JORDAN BELL,12.2,0.657,0.184,1.4,2.8,5.5,3.1289999999999996
203903,JORDAN CLARKSON,17.1,0.469,0.255,0.6,0.1,2.5,3.1245499999999997
1641645,XAVIER COOKS,13.5,0.647,0.2,0.0,1.5,5.5,3.1219
1626162,KELLY OUBRE JR.,15.4,0.498,0.22,1.1,0.7,3.6,3.1176000000000004
1628401,DERRICK WHITE,15.2,0.578,0.183,1.0,1.2,3.5,3.11305
1630530,TREY MURPHY III,14.8,0.579,0.182,0.9,0.5,4.2,3.0981
1629676,ISAIAH ROBY,12.15,0.544,0.1855,1.8,2.6,5.35,3.0916249999999996
203114,KHRIS MIDDLETON,15.1,0.566,0.23,0.9,0.3,3.9,3.0876999999999994
1631230,DOMINICK BARLOW,13.7,0.584,0.1945,1.7999999999999998,2.2,3.9000000000000004,3.0859749999999995
1641816,HUNTER TYSON,14.600000000000001,0.642,0.23299999999999998,1.5,0.4,3.9,3.0808499999999994
1630679,ETHAN THOMPSON,15.55,0.475,0.2525,2.8,0.4,2.5,3.0803749999999996
1630606,JAVONTE SMART,16.05,0.583,0.20450000000000002,1.8,0.4,2.35,3.072275
1631266,KYLER EDWARDS,15.0,0.519,0.182,1.2,0.4,3.8,3.0710999999999995
1631113,KENNEDY CHANDLER,14.2,0.513,0.224,3.6,1.2000000000000002,2.95,3.0686999999999998
1629034,RAY SPALDING,13.1,0.548,0.212,1.9,1.9,4.5,3.0664
1629631,DE'ANDRE HUNTER,15.6,0.547,0.204,0.7,0.3,3.4,3.0650000000000004
1631109,MARK WILLIAMS,12.7,0.649,0.162,0.8,1.1,5.7,3.0566
1628391,D.J. WILSON,11.333333333333334,0.833,0.19733333333333333,1.8,5.4,4.133333333333334,3.0562000000000005
1629617,REGGIE PERRY,11.8,0.647,0.236,0.2,0.6,7.0,3.0448
202685,JONAS VALANČIŪNAS,12.2,0.585,0.207,0.4,0.8,6.5,3.04305
1629653,DEVON DOTSON,15.1,0.541,0.195,1.3,0.2,3.5,3.0399499999999997
1628978,DONTE DIVINCENZO,15.5,0.584,0.209,1.3,0.4,2.9,3.0356499999999995
1629647,DARIUS BAZLEY,12.15,0.633,0.1805,1.8,2.9000000000000004,4.65,3.0261750000000003
1627763,MALCOLM BROGDON,15.7,0.522,0.226,0.7,0.2,3.1,3.0258000000000003
1631306,COLE SWIDER,14.166666666666666,0.665,0.207,1.4,1.0,3.6666666666666665,3.01905
1626169,STANLEY JOHNSON,14.2,0.561,0.217,1.0,0.5,4.2,3.01725
1630660,KENDRIC DAVIS,14.5,0.511,0.2105,2.3,0.1,3.5,3.0137749999999994
1628778,PAUL WATSON,14.5,0.626,0.181,1.0,0.7,3.6,2.9948500000000005
202738,ISAIAH THOMAS,16.9,0.552,0.2655,1.3,0.0,1.4,2.9927249999999996
1628384,OG ANUNOBY,14.7,0.577,0.173,1.4,0.7,3.2,2.98385
1631220,DEREON SEABRON,13.2,0.587,0.20350000000000001,1.7999999999999998,0.7,4.4,2.975425
1631255,KARLO MATKOVIĆ,12.15,0.645,0.2,1.8,4.1,3.65,2.9715000000000003
1630233,NATHAN KNIGHT,12.8,0.517,0.205,0.6,1.0,5.3,2.96915
1627826,IVICA ZUBAC,11.7,0.649,0.165,0.3,1.2,6.3,2.9670499999999995
203901,ELFRID PAYTON,12.5,0.463,0.207,1.6,0.7,5.2,2.95115
203932,AARON GORDON,13.9,0.584,0.174,0.8,0.6,4.1,2.9478999999999997
1629675,NAZ REID,13.5,0.576,0.223,0.8,0.9,4.3,2.94615
1630699,MARJON BEAUCHAMP,14.899999999999999,0.557,0.20750000000000002,1.6,0.2,2.85,2.9400250000000003
1629663,LOUIS KING,12.95,0.523,0.184,2.1,1.8,3.8,2.9372000000000003
1641913,VINCENT VALERIO-BODON,13.0,0.625,0.238,0.0,1.0,5.0,2.9357
1626154,RJ HUNTER,14.9,0.565,0.217,1.2,0.8,2.7,2.93555
1630600,ISAIAH MOBLEY,12.600000000000001,0.553,0.237,1.2,1.6,4.55,2.92865
1631221,COLLIN GILLESPIE,12.700000000000001,0.548,0.1925,2.9,0.3,4.3,2.9284749999999997
1631197,JARED RHODEN,13.2,0.588,0.188,1.7,1.4,3.8,2.9282999999999997
1628370,MALIK MONK,15.4,0.526,0.247,0.6,0.5,2.6,2.9247500000000004
1628021,DAVID NWABA,14.0,0.6,0.185,0.3,1.3,3.7,2.92275
203991,CLINT CAPELA,11.5,0.571,0.167,0.6,1.5,6.0,2.9217499999999994
1628432,DAVON REED,13.3,0.556,0.18,1.0,0.5,4.5,2.9207
1641754,SETH LUNDY,13.600000000000001,0.621,0.225,0.9,1.7,3.45,2.91045
1629497,MARINA MABREY,15.0,0.502,0.23,0.7,0.5,2.9,2.9099000000000004
1630750,OBADIAH NOEL,13.8,0.495,0.189,1.2,0.3,4.0,2.9098499999999996
1629875,XAVIER MOON,13.5,0.536,0.22849999999999998,2.0999999999999996,2.0,2.9,2.908975
1630534,OCHAI AGBAJI,12.1,0.494,0.203,1.4,2.2,4.6000000000000005,2.90425
1631093,JADEN IVEY,15.5,0.492,0.245,0.8,0.5,2.3,2.9026499999999995
27718,HUNTER HALE,16.3,0.706,0.247,0.3,0.0,1.7,2.9007499999999995
1630548,JOHNNY JUZANG,14.7,0.619,0.2105,0.8999999999999999,0.8999999999999999,2.65,2.892874999999999
1630227,DAISHEN NIX,13.450000000000001,0.5,0.269,3.1999999999999997,0.6,3.0,2.89285
1629479,TEAIRA MCCOWAN,11.9,0.551,0.188,0.5,1.2,5.6,2.8909
1629023,P.J. WASHINGTON,12.9,0.518,0.185,1.0,0.8,4.5,2.87635
1627747,CARIS LEVERT,14.0,0.487,0.224,1.1,0.5,3.5,2.876
1630215,JARED BUTLER,13.833333333333334,0.582,0.2356666666666667,3.9000000000000004,0.9,1.8666666666666665,2.8667499999999997
1631124,JULIAN STRAWTHER,15.15,0.529,0.237,0.9,1.7,1.7,2.86385
1641729,BRICE SENSABAUGH,13.5,0.54,0.2465,1.7000000000000002,0.5,3.5,2.859975
1631200,KRIS MURRAY,12.850000000000001,0.583,0.1785,1.9,1.0,3.8,2.858375
1641716,JARACE WALKER,12.9,0.547,0.2105,1.5,1.6,3.6500000000000004,2.855975
1627737,MARQUESE CHRISS,13.4,0.468,0.313,0.9,0.9,3.8,2.8555499999999996
203935,MARCUS SMART,14.5,0.519,0.225,2.1,0.3,2.4,2.85255
1627673,JONQUEL JONES,11.3,0.575,0.193,0.6,1.3,5.8,2.85145
1631097,BENNEDICT MATHURIN,14.8,0.501,0.228,0.6,0.2,2.9,2.8494
1630206,JAY SCRUBB,14.4,0.537,0.26,1.2,0.8,2.6,2.8464
1627751,JAKOB POELTL,11.1,0.656,0.16,0.7,1.5,5.7,2.8402
1630180,SADDIQ BEY,13.7,0.497,0.163,0.8,0.2,3.9,2.83885
1630610,DEJON JARREAU,11.4,0.505,0.21000000000000002,1.9,0.8,5.25,2.8325
1641741,RICKY COUNCIL IV,14.700000000000001,0.524,0.234,0.8,0.8999999999999999,2.4,2.8324
1631159,LEONARD MILLER,12.55,0.547,0.244,1.6,0.7,4.2,2.8310000000000004
1630581,JOSH GIDDEY,12.3,0.523,0.223,0.7,0.6,5.0,2.83055
1630580,JOE WIESKAMP,13.25,0.592,0.1765,1.3,1.8,3.1,2.8298749999999995
1641734,EMONI BATES,13.350000000000001,0.496,0.23349999999999999,0.8999999999999999,0.7,3.75,2.819225
1630792,MALCOLM HILL,13.55,0.615,0.21000000000000002,1.9000000000000001,0.3,3.0999999999999996,2.817
202711,BOJAN BOGDANOVIĆ,15.2,0.551,0.242,0.5,0.1,2.3,2.8164999999999996
1631173,TERQUAVION SMITH,14.95,0.52,0.26449999999999996,2.2,0.5,1.5,2.813675
1629718,CHARLIE BROWN JR.,12.399999999999999,0.579,0.21150000000000002,2.7,1.7000000000000002,3.1500000000000004,2.810025
1641890,TYLER SMITH,13.4,0.549,0.23,0.7,1.0,3.5,2.8068
203825,KAYLA MCBRIDE,14.3,0.518,0.197,1.2,0.2,2.8,2.80315
1642024,ALEX REESE,13.2,0.58,0.247,0.7,1.5,3.3,2.79305
1629655,DANIEL GAFFORD,11.0,0.725,0.145,0.9,2.1,5.0,2.79175
1629060,RUI HACHIMURA,13.6,0.609,0.182,0.6,0.4,3.5,2.7890999999999995
201572,BROOK LOPEZ,12.5,0.583,0.156,0.5,2.4,3.7,2.7875000000000005
1628960,GRAYSON ALLEN,13.5,0.649,0.143,0.9,0.6,3.3,2.78375
1631131,OSCAR TSHIEBWE,10.35,0.59,0.198,1.1,1.1,6.1,2.7802
1630535,GREG BROWN III,10.266666666666666,0.67,0.19733333333333333,1.5,5.8,3.5,2.7760999999999996
203501,TIM HARDAWAY JR.,14.4,0.51,0.22,0.5,0.1,2.9,2.775
201950,JRUE HOLIDAY,12.5,0.581,0.161,0.9,0.8,4.2,2.77285
1629674,NEEMIAS QUETA,9.566666666666668,0.658,0.19000000000000003,2.1,4.2,4.7,2.7726000000000006
1641936,MILES NORRIS,12.7,0.561,0.16,0.9,0.8,4.0,2.7687
1628982,MELVIN FRAZIER JR.,10.7,0.553,0.159,1.6,0.5,5.8,2.76695
1630186,JAHMI'US RAMSEY,12.233333333333334,0.609,0.20366666666666666,2.5,0.2,3.8000000000000003,2.75985
1631120,JD DAVISON,12.9,0.489,0.23600000000000002,2.1,1.1,3.0,2.7582000000000004
1630243,TREVELIN QUEEN,12.6,0.541,0.1985,2.8,1.0,2.95,2.755475
1641915,CALEB DANIELS,12.9,0.509,0.168,0.8,0.8,3.8,2.7520000000000002
1631309,TREVOR HUDGINS,14.5,0.532,0.175,0.7,0.2,2.5,2.75015
1629661,CAMERON JOHNSON,13.4,0.557,0.19,0.8,0.3,3.4,2.7424
1630562,MATT HURT,12.2,0.598,0.1765,1.0,1.9,3.6500000000000004,2.741075
1630695,MICAH POTTER,10.7,0.594,0.1775,1.2,2.1,4.949999999999999,2.7404249999999997
1641732,COLBY JONES,11.65,0.588,0.2125,2.5,1.0,3.85,2.7369750000000006
1628886,JORDIN CANADA,13.3,0.455,0.205,2.3,0.2,2.8,2.72425
1630312,ROBERT BAKER,11.45,0.521,0.2305,1.2999999999999998,1.5,4.35,2.7187749999999995
1631495,DONOVAN WILLIAMS,13.700000000000001,0.543,0.226,1.0,0.5,2.65,2.7075000000000005
1630539,KAI JONES,9.4,0.646,0.14750000000000002,4.7,2.9,3.8,2.7013249999999998
1631169,JOSH MINOTT,12.8,0.543,0.222,1.5,1.9,2.55,2.6994
1631106,TARI EASON,10.9,0.518,0.201,1.4,1.0,5.0,2.69875
1629683,QUINNDARY WEATHERSPOON,11.8,0.555,0.2495,3.9000000000000004,0.8,2.8499999999999996,2.698425
1641733,NICK SMITH JR.,13.8,0.513,0.251,1.2,0.5,2.4,2.6977499999999996
1630620,DARIUS DAYS,11.7,0.591,0.176,1.7999999999999998,0.1,4.35,2.6945999999999994
1630296,BRAXTON KEY,10.0,0.484,0.18400000000000002,3.7,3.0999999999999996,3.733333333333333,2.6944000000000004
1641707,TAYLOR HENDRICKS,11.05,0.56,0.1655,1.5,2.0,4.2,2.686825
1630322,LINDY WATERS III,12.600000000000001,0.649,0.19,1.7000000000000002,1.0,2.9000000000000004,2.6858000000000004
1641757,JORDAN MILLER,13.05,0.529,0.1995,1.7,0.7,2.75,2.685725
1641730,NOAH CLOWNEY,11.5,0.534,0.177,1.4,2.6,3.5,2.68335
1641998,TREY JEMISON III,10.2,0.632,0.14550000000000002,1.2,2.0,5.1,2.6832249999999997
203471,DENNIS SCHRÖDER,14.0,0.509,0.202,0.8,0.2,2.5,2.6821
1630777,JEREMIAH TILMON,11.6,0.616,0.183,0.5,1.2,4.4,2.67815
1630592,JALEN WILSON,12.65,0.502,0.1825,1.0,0.5,3.6,2.6777750000000005
1629117,WENYEN GABRIEL,10.049999999999999,0.581,0.1875,1.4,2.3,4.95,2.671825
1641720,JALEN HOOD-SCHIFINO,13.15,0.551,0.2475,1.2000000000000002,0.7,2.7,2.667325
1641891,IZAN ALMANSA,11.7,0.565,0.167,0.8,0.5,4.5,2.66555
1630564,RAIQUAN GRAY,10.9,0.676,0.21333333333333335,3.0,1.5,3.5,2.6647
1630929,HENRI DRELL,10.35,0.499,0.1895,2.3,1.7000000000000002,4.550000000000001,2.663225
1626181,NORMAN POWELL,13.9,0.594,0.193,0.6,0.3,2.4,2.6602499999999996
1631311,LESTER QUINONES,14.65,0.563,0.271,2.3,0.1,0.85,2.6582499999999993
203952,ANDREW WIGGINS,13.2,0.511,0.206,0.6,0.6,3.0,2.6530999999999993
204333,NATASHA CLOUD,12.7,0.434,0.204,1.1,0.3,3.5,2.6523999999999996
1631110,JEREMY SOCHAN,11.6,0.483,0.187,0.8,0.5,4.6,2.65215
1631172,OUSMANE DIENG,11.55,0.542,0.2075,1.2000000000000002,1.1,4.05,2.652025
1641715,CAM WHITMORE,13.1,0.534,0.255,0.8,0.4,3.0,2.6500499999999994
1641749,KEYONTAE JOHNSON,12.649999999999999,0.576,0.191,1.5,0.6,3.0,2.6488499999999995
1630703,SCOOT HENDERSON,14.0,0.44,0.261,0.8,0.2,2.3,2.64715
1631257,JERMAINE SAMUELS JR.,12.0,0.53,0.1835,1.3,1.0,3.5999999999999996,2.6460250000000003
1629622,MAX STRUS,12.2,0.533,0.167,0.9,0.4,3.9,2.64415
1641787,TOSAN EVBUOMWAN,10.8,0.598,0.143,1.0,1.2000000000000002,4.75,2.63855
1628404,JOSH HART,9.4,0.493,0.133,0.9,0.3,6.8,2.63855
1630648,JORDAN SCHAKEL,12.6,0.529,0.179,0.7,0.1,3.7,2.6376500000000003
1629018,GARY TRENT JR.,13.7,0.531,0.195,1.1,0.1,2.3,2.62545
1631301,JAYLEN SIMS,12.8,0.8,0.174,1.2,0.3,2.7,2.6235999999999997
1641739,TOUMANI CAMARA,11.9,0.516,0.1925,1.7000000000000002,1.0,3.3499999999999996,2.622075
1630556,KESSLER EDWARDS,11.5,0.525,0.1995,1.8,1.4000000000000001,3.45,2.617425
1628976,WENDELL CARTER JR.,11.0,0.6,0.172,0.6,0.5,4.9,2.6132999999999997
1630191,ISAIAH STEWART,10.9,0.575,0.143,0.4,0.8,5.0,2.61145
1631158,BRADY MANEK,12.8,0.611,0.218,0.3,0.8,3.0,2.6074
1641798,JAYLEN MARTIN,12.65,0.559,0.184,1.7,1.2,2.3,2.5994
1630284,KEVON HARRIS,12.35,0.625,0.241,1.7,0.2,2.95,2.5986499999999997
1631022,SHAKIRA AUSTIN,10.0,0.5,0.217,0.8,0.9,5.5,2.58505
1629007,JONTAY PORTER,7.633333333333333,0.5,0.19666666666666666,3.4000000000000004,5.4,4.333333333333333,2.5844999999999994
203922,GLENN ROBINSON III,11.3,0.586,0.145,0.9,0.5,4.3,2.58395
1630701,MICHAEL FOSTER JR.,10.0,0.603,0.199,1.6,2.4,4.2,2.58045
1641718,KEYONTE GEORGE,13.4,0.489,0.226,0.5,0.1,2.6,2.5766999999999998
1631157,RYAN ROLLINS,11.1,0.574,0.245,4.4,1.8,1.9666666666666668,2.57655
1629735,CHRIS SILVA,10.65,0.533,0.21250000000000002,1.0,1.6,4.3,2.5759749999999997
1629126,DEONTE BURTON,12.8,0.544,0.176,1.4,0.5,2.5,2.5727
1630557,COREY KISPERT,13.4,0.602,0.191,0.5,0.2,2.4,2.57155
1631474,TERRELL BROWN JR.,12.6,0.432,0.214,0.7,0.2,3.3,2.571
1641767,BEN SHEPPARD,12.649999999999999,0.531,0.173,0.8,0.4,3.0,2.5696499999999993
1630649,STANLEY UMUDE,11.2,0.547,0.1935,1.2000000000000002,1.3,3.75,2.568425
1630219,SKYLAR MAYS,12.600000000000001,0.568,0.20500000000000002,1.7000000000000002,0.4,2.5,2.5668499999999996
1630604,E.J. LIDDELL,11.149999999999999,0.55,0.21000000000000002,0.8999999999999999,2.3,3.4,2.563999999999999
1628922,AZURÁ STEVENS,10.8,0.451,0.217,1.2,0.9,4.4,2.5602500000000004
1641806,MARKQUIS NOWELL,11.9,0.491,0.21350000000000002,2.8,0.9,2.4,2.5527249999999997
1631262,JULES BERNARD,12.25,0.553,0.221,1.2,0.4,3.0,2.5512499999999996
1631123,JAMAREE BOUYEA,9.866666666666667,0.544,0.18033333333333335,3.6,2.0,3.4333333333333336,2.55085
1630208,NICK RICHARDS,9.7,0.691,0.131,0.4,1.1,5.5,2.55035
1627675,COURTNEY WILLIAMS,10.4,0.495,0.184,1.0,0.3,5.1,2.5491
1630583,SANTI ALDAMA,10.7,0.528,0.177,0.7,0.9,4.6,2.54715
1630591,JALEN SUGGS,12.6,0.578,0.191,1.4,0.6,2.4,2.54425
1641864,KESHAWN JUSTICE,10.4,0.543,0.16699999999999998,2.0,0.7,4.3,2.54115
203486,MASON PLUMLEE,9.65,0.625,0.19,2.3,0.4,4.9,2.5385
1630627,ISAIAH MILLER,12.0,0.5,0.244,1.4,0.4,3.1,2.5365999999999995
1630174,AARON NESMITH,12.2,0.606,0.158,0.9,0.7,2.9,2.5299
1628963,MARVIN BAGLEY III,11.7,0.597,0.204,0.4,0.7,3.6,2.5275
1631214,ALONDES WILLIAMS,12.4,0.601,0.1835,1.3,0.7999999999999999,2.4,2.525225
1628415,DILLON BROOKS,12.7,0.515,0.176,0.9,0.1,2.7,2.5143999999999993
1631217,MOUSSA DIABATÉ,9.55,0.57,0.197,1.7999999999999998,2.3,4.2,2.51355
204335,BETNIJAH LANEY-HAMILTON,12.8,0.574,0.183,0.9,0.1,2.5,2.5122499999999994
1630658,COLIN CASTLETON,9.65,0.563,0.1865,1.2,1.9000000000000001,4.6,2.5105750000000002
1641765,OLIVIER-MAXENCE PROSPER,11.2,0.601,0.178,1.1,0.6,3.7,2.5094
1641775,JORDAN WALSH,10.75,0.511,0.194,1.6,0.9,3.8,2.5012999999999996
1641526,BABACAR SANE,11.0,0.485,0.222,0.5,0.5,4.3,2.5003
1629717,ARMONI BROOKS,12.1,0.579,0.1965,1.4,0.7,2.55,2.5002750000000002
203145,KENT BAZEMORE,10.6,0.483,0.222,1.5,0.9,4.0,2.4999000000000002
1631451,JAVONTE COOKE,11.600000000000001,0.544,0.187,1.5,1.2999999999999998,2.75,2.49935
1641811,SIR'JABARI RICE,11.1,0.5,0.226,4.4,1.3,1.8,2.4964
1641735,AMARI BAILEY,12.25,0.494,0.26349999999999996,1.7,0.7999999999999999,2.2,2.493325
1641711,GRADEY DICK,12.25,0.517,0.182,1.1,0.5,2.7,2.4932
1629130,DUNCAN ROBINSON,12.9,0.589,0.184,0.7,0.2,2.3,2.4929000000000006
1631246,VINCE WILLIAMS JR.,10.3,0.558,0.158,0.9,0.7,4.6,2.4903000000000004
1630611,GUI SANTOS,10.85,0.593,0.198,0.8999999999999999,0.6,4.0,2.4882999999999997
1630846,OLIVIER SARR,8.3,0.632,0.153,0.8,2.7,5.449999999999999,2.4743500000000003
1641738,KOBE BROWN,11.299999999999999,0.559,0.191,1.5,0.8999999999999999,3.05,2.47295
1628380,ZACH COLLINS,11.2,0.531,0.224,0.5,0.8,3.7,2.4723
1631289,BRYCE HAMILTON,12.15,0.533,0.20850000000000002,1.7,0.7,2.2,2.470375
1641756,MIKE MILES JR.,12.2,0.548,0.22849999999999998,1.5,0.4,2.3499999999999996,2.4688749999999997
1641989,ELIJAH HARKLESS,11.6,0.549,0.209,1.0,0.3,3.2,2.4586499999999996
201566,RUSSELL WESTBROOK,11.1,0.486,0.239,1.1,0.3,3.7,2.45805
1629610,DAQUAN JEFFRIES,11.95,0.571,0.224,0.4,1.2,2.6500000000000004,2.4577999999999998
203110,DRAYMOND GREEN,8.6,0.566,0.148,1.0,0.9,5.9,2.4528999999999996
1629634,BRANDON CLARKE,11.3,0.568,0.188,0.8,1.0,3.2,2.4518
1641649,DIAMOND MILLER,12.1,0.448,0.243,0.9,0.3,2.8,2.45105
1630643,JAY HUFF,8.366666666666665,0.7,0.16433333333333333,0.5,6.7,3.266666666666667,2.4496499999999997
1630207,NATE HINTON,9.85,0.563,0.1845,3.1999999999999997,0.9,3.4,2.435275
1630647,EUGENE OMORUYI,11.6,0.549,0.22699999999999998,1.7000000000000002,0.6,2.5,2.43135
1629600,JARRON CUMBERLAND,11.1,0.433,0.176,1.7,0.6,3.2,2.4304999999999994
1630168,ONYEKA OKONGWU,10.2,0.642,0.134,0.5,1.1,4.2,2.4285
1627741,BUDDY HIELD,12.1,0.565,0.186,0.8,0.5,2.5,2.4284
27715,JORDAN WALKER,13.0,0.534,0.291,1.3,0.0,1.5,2.42295
1631170,JAIME JAQUEZ JR.,11.9,0.536,0.183,1.0,0.3,2.7,2.4221500000000002
1630175,COLE ANTHONY,11.6,0.496,0.232,0.8,0.5,3.0,2.4215
1630329,EUGENE GERMAN,13.0,0.625,0.267,1.0,0.0,1.5,2.4150500000000004
1631211,TREVOR KEELS,12.15,0.527,0.191,1.9,0.0,2.1,2.41405
1629501,ALANNA SMITH,9.2,0.555,0.152,1.3,1.3,4.7,2.4137999999999997
1631389,DAVION WARREN,11.6,0.561,0.241,0.7,0.5,2.9,2.41335
1630223,JALEN HARRIS,11.15,0.531,0.22949999999999998,2.0,1.0,2.5,2.413125
1631210,JACOB TOPPIN,10.6,0.611,0.168,0.9,1.2000000000000002,3.45,2.4124
1630554,JASON PRESTON,9.066666666666666,0.574,0.162,2.4,1.0,4.333333333333333,2.4040999999999997
1626145,TYUS JONES,12.0,0.569,0.161,1.1,0.3,2.4,2.4029499999999997
1628977,HAMIDOU DIALLO,10.55,0.574,0.2225,2.3,0.6,3.0,2.398175
1631116,PATRICK BALDWIN JR.,9.05,0.646,0.17099999999999999,1.2,1.5,4.55,2.3973500000000003
1630288,JEFF DOWTIN JR.,11.700000000000001,0.681,0.16849999999999998,1.7999999999999998,0.5,2.05,2.396475
1630245,AYO DOSUNMU,12.2,0.583,0.168,0.9,0.5,2.1,2.3918
1629001,DE'ANTHONY MELTON,11.1,0.493,0.177,1.6,0.4,3.0,2.3901499999999998
1642104,HUNTER MALDONADO,10.3,0.506,0.189,1.1,0.4,4.0,2.3870500000000003
1631209,ISAIAH WONG,12.45,0.533,0.2495,0.8999999999999999,0.5,1.7999999999999998,2.386525
1630285,ZAVIER SIMPSON,10.4,0.594,0.18633333333333332,3.1,0.8,2.5666666666666664,2.3842499999999998
1628882,LEXIE BROWN,12.4,0.608,0.163,0.9,0.3,1.9,2.38105
1627736,MALIK BEASLEY,11.3,0.598,0.142,0.7,0.1,3.2,2.3759
1629641,ROMEO LANGFORD,11.9,0.527,0.169,0.5,0.6,2.5,2.3732499999999996
1641708,AMEN THOMPSON,9.7,0.544,0.174,1.3,0.7,4.2,2.3699
1641831,MALIQUE LEWIS,9.0,0.605,0.127,1.1,1.2,4.7,2.36755
1630618,D.J. CARTON,10.866666666666667,0.659,0.15866666666666665,3.6999999999999997,0.9,1.5333333333333332,2.3606
203084,HARRISON BARNES,12.2,0.576,0.154,0.7,0.1,2.2,2.3583
203083,ANDRE DRUMMOND,8.4,0.556,0.201,0.9,0.6,5.6,2.35385
1626187,MICHAEL FRAZIER II,11.5,0.555,0.197,0.7,0.4,2.7,2.3530499999999996
1631338,MOUHAMADOU GUEYE,8.85,0.548,0.1955,1.1,3.8,3.45,2.351425
1629669,JAYLEN NOWELL,11.799999999999999,0.524,0.2225,1.2,0.4,2.15,2.3506749999999994
1628971,BRUCE BROWN,10.8,0.523,0.161,0.9,0.3,3.4,2.34875
204322,ELIZABETH WILLIAMS,9.8,0.514,0.155,1.3,1.5,3.6,2.34605
1630529,HERBERT JONES,11.0,0.595,0.141,1.4,0.8,2.6,2.34515
1641809,DREW PETERSON,9.166666666666666,0.917,0.15333333333333332,3.3,1.4,2.733333333333333,2.3438999999999997
203026,TIFFANY HAYES,12.1,0.544,0.186,0.9,0.1,2.1,2.3417
1641709,AUSAR THOMPSON,9.1,0.505,0.164,1.1,1.0,4.6,2.3381
201496,CANDACE PARKER,9.0,0.531,0.174,1.5,0.9,4.5,2.3373
1642105,KJ WILLIAMS,9.9,0.521,0.208,0.6,0.5,4.2,2.3329
1641805,LANDERS NOLLEY II,10.85,0.741,0.202,1.1,0.4,2.75,2.331
1629407,QJ PETERSON,12.0,0.435,0.304,1.3,0.0,2.0,2.3301
1628878,ARIEL ATKINS,11.5,0.498,0.204,1.2,0.3,2.4,2.3277
1629618,JALEN PICKETT,10.4,0.577,0.1945,1.8,0.6000000000000001,2.95,2.3270750000000002
1631133,JABARI WALKER,9.1,0.511,0.16,0.6,0.3,5.1,2.3236999999999997
201143,AL HORFORD,8.6,0.64,0.119,0.6,1.0,5.1,2.3208499999999996
1631117,WALKER KESSLER,8.1,0.66,0.127,0.5,2.4,4.9,2.31855
201144,MIKE CONLEY,11.4,0.595,0.157,1.2,0.2,2.4,2.3175499999999998
1630259,JORDAN FORD,11.8,0.61,0.1865,1.5,0.3,1.75,2.317475
1642027,DE'VION HARMON,12.0,0.481,0.217,0.8,0.3,2.0,2.31125
1627936,ALEX CARUSO,10.1,0.593,0.146,1.7,1.0,3.0,2.308
1630204,ASHTON HAGANS,10.15,0.471,0.1935,2.3,0.9,2.8,2.305725
1641726,DERECK LIVELY II,8.8,0.741,0.126,0.6,1.3,4.5,2.3045999999999998
1641793,D'MOI HODGE,10.1,0.574,0.181,2.6,1.0,2.5,2.3019499999999997
1631455,JADEN SHACKELFORD,11.05,0.522,0.1965,2.0,0.1,2.3499999999999996,2.3013749999999997
203482,KELLY OLYNYK,9.8,0.616,0.171,0.9,0.4,3.9,2.3013500000000002
1629081,DJ HOGG,10.8,0.531,0.178,0.8,0.5,3.0,2.3004000000000002
1629056,TERENCE DAVIS,10.5,0.362,0.284,0.5,0.0,3.8,2.2975
1631421,AU'DIESE TONEY,8.0,0.543,0.1285,2.6,2.6,3.85,2.295375
202664,COURTNEY VANDERSLOOT,10.5,0.493,0.182,1.3,0.6,3.0,2.2933999999999997
1631321,SIDY CISSOKO,9.7,0.484,0.175,1.9,1.2000000000000002,3.2,2.2905499999999996
1629021,MORITZ WAGNER,10.9,0.636,0.22,0.5,0.3,2.9,2.2902
1629652,LUGUENTZ DORT,10.9,0.557,0.152,0.9,0.6,2.7,2.2866999999999997
1628860,ZAK IRVIN,9.5,0.535,0.163,0.8,0.2,4.3,2.27645
1641935,JARKEL JOINER,11.1,0.498,0.172,1.0,0.2,2.6,2.2703999999999995
1630188,JALEN SMITH,9.9,0.67,0.187,0.3,0.6,3.7,2.26955
1630624,FERON HUNT,9.4,0.511,0.225,0.6000000000000001,1.8,3.5999999999999996,2.2659499999999997
201567,KEVIN LOVE,8.8,0.557,0.21,0.3,0.2,5.1,2.2653999999999996
1631458,DARRYL MORSELL,9.4,0.513,0.1925,2.2,0.4,3.5,2.261475
1631250,PETE NANCE,8.5,0.54,0.1565,1.4,2.0,4.0,2.261475
1629808,STEPHEN THOMPSON,11.5,0.474,0.189,0.8,0.3,2.2,2.26065
27722,GRANT SHERFIELD,11.6,0.519,0.25,1.8,0.0,1.6,2.2563000000000004
1628392,ISAIAH HARTENSTEIN,7.8,0.645,0.116,1.2,1.1,5.1,2.2539
1631379,REGINALD KISSOONLAL,8.2,0.5,0.236,3.3,3.0,2.75,2.2504
1631376,DMYTRO SKAPINTSEV,8.7,0.575,0.1795,0.7,2.9000000000000004,3.5500000000000003,2.249425
1630283,KYLOR KELLEY,8.4,0.686,0.128,0.2,2.9,4.0,2.2489
1641970,MAOZINHA PEREIRA,7.8500000000000005,0.628,0.153,2.1,1.6,4.300000000000001,2.24855
1629482,SOPHIE CUNNINGHAM,11.3,0.52,0.175,0.6,0.4,2.3,2.24525
1628379,LUKE KENNARD,11.0,0.617,0.166,0.5,0.1,2.6,2.2333000000000003
1641764,BRANDIN PODZIEMSKI,9.3,0.511,0.155,0.9,0.2,4.2,2.23295
1631384,JAYCE JOHNSON,7.95,0.541,0.16449999999999998,0.8,1.4,4.95,2.232875
204324,DEARICA HAMBY,8.9,0.446,0.187,0.9,0.3,4.6,2.23225
1629684,GRANT WILLIAMS,10.3,0.56,0.157,0.6,0.5,3.1,2.22805
1630787,CAMERON MCGRIFF,10.8,0.511,0.199,0.4,0.3,2.8,2.2245500000000002
1630235,TRENT FORREST,9.1,0.625,0.14550000000000002,6.3,0.1,1.55,2.224325
1641889,FLETCHER MAGEE,11.0,0.7,0.188,0.5,0.3,2.3,2.2232
1630275,JORDAN BOWDEN,10.95,0.605,0.193,1.8,0.5,1.7000000000000002,2.21995
1630167,OBI TOPPIN,10.3,0.661,0.16,0.6,0.5,2.9,2.2187
1630665,MATT LEWIS,11.2,0.689,0.166,0.4,0.2,2.2,2.2177
1631111,WENDELL MOORE JR.,10.6,0.472,0.2035,2.3,0.4,2.0,2.217425
1629716,MARQUES BOLDEN,7.95,0.68,0.1575,0.6,2.3,4.300000000000001,2.214625
1631323,SIMONE FONTECCHIO,10.5,0.582,0.159,0.7,0.3,2.8,2.21025
1641724,JETT HOWARD,10.9,0.567,0.2195,1.1,0.8999999999999999,1.85,2.208825
203406,LAYSHIA CLARENDON,11.1,0.552,0.176,1.1,0.0,2.1,2.1993
1628997,CALEB MARTIN,10.0,0.504,0.168,0.7,0.5,3.2,2.1959999999999997
1631457,ALEX MORALES,9.7,0.564,0.164,1.2,0.3,3.2,2.1849
1628989,KEVIN HUERTER,10.2,0.553,0.173,0.7,0.4,2.9,2.1840499999999996
1641878,DAMION BAUGH,8.4,0.483,0.1635,3.1,1.0,3.3,2.1836249999999997
1631112,KENDALL BROWN,10.549999999999999,0.528,0.1895,1.2,1.0,2.0,2.1815249999999997
1631247,LUKE TRAVERS,7.5,0.539,0.123,0.8,2.2,4.7,2.18125
1630172,PATRICK WILLIAMS,10.0,0.525,0.163,0.9,0.8,2.8,2.17695
1631223,DAVID RODDY,10.0,0.463,0.1985,0.7,0.4,3.0999999999999996,2.1698749999999998
1641753,CHRIS LIVINGSTON,8.55,0.54,0.1905,1.6,0.9,3.75,2.169075
1630183,JADEN MCDANIELS,10.5,0.557,0.156,0.9,0.6,2.3,2.1673
1630200,TRE JONES,10.0,0.558,0.149,1.0,0.1,3.0,2.16645
26961,JORDAN USHER,10.0,0.545,0.187,2.0,0.0,2.5,2.16205
1630176,VERNON CAREY JR.,10.3,0.52,0.206,0.7,0.3,2.7,2.1599000000000004
1641784,ANTOINE DAVIS,10.55,0.563,0.232,1.0,0.1,2.3,2.1574
1641774,TRISTAN VUKCEVIC,9.4,0.481,0.231,0.6,0.8,3.4,2.15585
1630190,ELIJAH HUGHES,9.75,0.539,0.201,1.1,0.6,2.85,2.15545
1628578,AMIDA BRIMAH,7.4,0.744,0.11,0.1,2.6,4.5,2.1528
1630238,MALIK FITTS,8.6,0.513,0.156,0.5,0.3,4.5,2.151
1631205,BUDDY BOEHEIM,10.700000000000001,0.599,0.1835,1.0,0.5,1.9,2.1498250000000003
1631499,ALEX O'CONNELL,10.8,0.75,0.27,0.5,0.0,2.0,2.148
1630197,ALEKSEJ POKUSEVSKI,8.75,0.529,0.201,3.2,0.8,2.6500000000000004,2.14595
101108,CHRIS PAUL,9.2,0.525,0.154,1.2,0.1,3.6,2.1456
1629491,JESSICA SHEPARD,8.1,0.516,0.137,0.6,0.1,5.0,2.14125
1641860,MIKE DAUM,9.2,0.534,0.203,0.0,1.3,3.5,2.13975
1629015,ZHAIRE SMITH,9.9,0.833,0.1355,1.5,1.6,1.55,2.136925
201569,ERIC GORDON,11.0,0.565,0.162,1.0,0.4,1.6,2.1323
1631199,RON HARPER JR.,9.6,0.384,0.194,0.8,0.6,3.2,2.1309
1631245,QUENTON JACKSON,8.766666666666667,0.543,0.15633333333333335,3.4,0.3,2.6999999999999997,2.12955
1630585,MARCUS GARRETT,7.6,0.498,0.1495,3.4000000000000004,0.8999999999999999,3.6,2.1245249999999998
1629801,BRANDON RANDOLPH,9.55,0.489,0.196,1.9,0.4,2.6,2.1222000000000003
203473,DEWAYNE DEDMON,7.4,0.478,0.207,0.4,1.0,5.2,2.12165
203915,SPENCER DINWIDDIE,10.5,0.489,0.161,0.7,0.3,2.3,2.11695
1641771,JALEN SLAWSON,7.75,0.518,0.1475,1.5,1.7,3.9,2.113225
1630692,JORDAN GOODWIN,9.25,0.424,0.23399999999999999,2.8,0.3,2.45,2.1074
1630542,MARCUS BAGLEY,8.4,0.448,0.174,0.9,0.4,4.2,2.1032
1631258,BRYSON WILLIAMS,8.6,0.574,0.192,1.0,1.2000000000000002,3.35,2.1010999999999997
202330,GORDON HAYWARD,9.8,0.51,0.175,0.8,0.3,2.8,2.10075
1629671,MIYE ONI,8.5,0.571,0.128,1.1,0.5,3.8,2.0984
1630673,COLBEY ROSS,10.4,0.508,0.195,1.1,0.3,2.0,2.09585
1642013,MALIK WILLIAMS,6.9,0.483,0.176,1.2000000000000002,1.7999999999999998,4.75,2.0955
1641931,ONURALP BITIM,10.1,0.579,0.1725,0.9,0.4,2.25,2.091675
204456,T.J. MCCONNELL,10.2,0.572,0.229,1.0,0.1,2.2,2.0912499999999996
203484,KENTAVIOUS CALDWELL-POPE,10.1,0.566,0.126,1.3,0.6,2.0,2.0896
204365,ERICA WHEELER,9.9,0.439,0.199,1.1,0.1,2.6,2.08265
1629685,DYLAN WINDLER,7.75,0.717,0.163,0.9,0.5,4.3,2.08035
1630571,MATTHEW MAYER,7.95,0.677,0.164,1.2000000000000002,1.3,3.6,2.08
27719,TREY JEMISON,8.0,0.607,0.142,0.8,0.6,4.2,2.0777
1631122,GABE BROWN,7.8,0.344,0.186,2.0,0.8,4.0,2.0766999999999998
1641763,JULIAN PHILLIPS,9.8,0.588,0.155,1.5,1.2,1.75,2.07585
1630271,BRODRIC THOMAS,9.100000000000001,0.561,0.1865,2.5,1.4,1.8,2.0676750000000004
1631303,JUSTIN MINAYA,9.1,0.59,0.1395,1.5,1.0,2.5,2.0664249999999997
1631317,ADONIS ARMS,9.35,0.542,0.16749999999999998,0.9,0.7,2.6999999999999997,2.061025
1627777,GEORGES NIANG,9.4,0.567,0.173,0.4,0.2,3.1,2.05935
1627669,MORIAH JEFFERSON,10.5,0.483,0.215,1.1,0.2,1.7,2.05635
1629603,MAMADI DIAKITE,8.2,0.667,0.184,1.0,1.8,3.0,2.0509999999999997
1630793,GIORGI BEZHANISHVILI,9.3,0.597,0.16,0.3,0.1,3.2,2.0484
1628244,SAMI WHITCOMB,9.7,0.539,0.182,0.9,0.4,2.4,2.0476
1628424,KOBI SIMMONS,8.733333333333333,0.542,0.18733333333333335,2.5,0.9,2.3000000000000003,2.0465
1626196,JOSH RICHARDSON,9.9,0.539,0.159,0.6,0.3,2.4,2.04415
1641731,BILAL COULIBALY,8.7,0.502,0.143,0.9,0.9,3.2,2.0418499999999997
1630817,PEDRO BRADSHAW,8.1,0.502,0.142,0.6,0.4,4.2,2.0416999999999996
1630705,NOJEL EASTERN,8.4,0.507,0.132,1.3,0.9,3.3,2.0412
1627732,BEN SIMMONS,6.1,0.581,0.126,0.8,0.6,5.9,2.0401
1629659,TALEN HORTON-TUCKER,10.1,0.46,0.234,0.9,0.4,2.0,2.0396
1631293,DAVION MINTZ,10.6,0.567,0.181,0.7,0.2,1.6,2.0380499999999997
1630525,DAVID JOHNSON,9.3,0.534,0.2025,1.7000000000000002,0.6,2.2,2.034675
1641918,PATRICK GARDNER,8.4,0.578,0.202,0.4,0.7,3.6,2.0284
1631351,LUCAS WILLIAMSON,9.2,0.507,0.139,1.0,0.6,2.7,2.0272499999999996
1629650,MOSES BROWN,7.533333333333334,0.68,0.19133333333333333,1.0,2.5,3.1333333333333333,2.0272
1631386,TAZÉ MOORE,8.733333333333333,0.66,0.18100000000000002,2.5,0.6000000000000001,2.1666666666666665,2.02665
1630622,JALEN CRUTCHER,9.8,0.556,0.1645,1.0,0.4,2.0999999999999996,2.025875
1642009,JAIDEN DELAIRE,9.3,0.58,0.181,1.0,0.1,2.7,2.0256499999999997
1629057,ROBERT WILLIAMS III,6.8,0.654,0.122,1.2,1.2,4.5,2.0241000000000002
1628382,JUSTIN JACKSON,9.8,0.552,0.1035,0.8,0.5,2.2,2.023425
202692,ALEC BURKS,10.4,0.478,0.234,0.4,0.2,1.9,2.0207
1627885,SHAQUILLE HARRISON,7.8999999999999995,0.563,0.16949999999999998,2.9,1.2,2.6,2.020525
1641917,TAYLOR FUNK,9.4,0.557,0.155,1.1,0.4,2.4,2.01715
1630001,MATT MORGAN,10.3,0.514,0.204,0.5,0.0,2.0,2.0159000000000002
1631102,TYTY WASHINGTON JR.,9.533333333333333,0.547,0.19800000000000004,1.4000000000000001,0.3,2.1,2.0116
1631243,MOUHAMED GUEYE,7.4,0.5,0.194,2.5,2.3,2.75,2.0116
1630603,AAMIR SIMMS,9.3,0.667,0.145,0.3,0.3,2.7,2.0001499999999997
1630586,USMAN GARUBA,7.05,0.591,0.186,1.5,1.7,3.7,1.9985999999999997
1630222,MASON JONES,8.7,0.667,0.16999999999999998,1.2,0.5,2.6999999999999997,1.9964000000000002
1630573,SAM HAUSER,9.0,0.623,0.146,0.5,0.3,2.9,1.9915
1631167,IZAIAH BROCKINGTON,8.7,0.564,0.207,1.5,0.3,2.7,1.98885
1631367,JACOB GILYARD,7.266666666666666,0.704,0.13,5.0,0.8999999999999999,1.9666666666666668,1.9877999999999996
1630202,PAYTON PRITCHARD,9.6,0.583,0.168,0.5,0.1,2.4,1.9868000000000001
1631395,LONDON JOHNSON,10.6,0.482,0.195,0.6,0.4,1.3,1.98565
1630173,PRECIOUS ACHIUWA,7.6,0.529,0.158,0.6,0.9,4.0,1.9819999999999998
1626220,ROYCE O'NEALE,7.7,0.542,0.134,0.7,0.6,4.0,1.9809999999999999
203403,TIANNA HAWKINS,8.2,0.545,0.16,0.8,0.4,3.5,1.9779999999999998
1641871,DUOP REATH,9.3,0.546,0.204,0.5,0.6,2.4,1.9773
1631107,NIKOLA JOVIĆ,8.2,0.555,0.181,0.6,0.3,3.6,1.9756499999999997
1627827,DORIAN FINNEY-SMITH,8.5,0.535,0.132,0.8,0.6,3.1,1.9718
1631129,IVERSON MOLINAR,10.0,0.583,0.2225,0.8,0.3,1.55,1.964975
1631218,TRAYCE JACKSON-DAVIS,8.2,0.7,0.159,0.5,1.1,3.0,1.9638499999999999
1629022,LONNIE WALKER IV,9.7,0.528,0.235,0.6,0.3,2.0,1.9633499999999997
1627752,TAUREAN PRINCE,8.9,0.566,0.134,0.7,0.4,2.7,1.9558
1630249,VÍT KREJČÍ,7.45,0.616,0.135,1.7,1.0,3.25,1.95095
1628269,NIA COFFEY,6.9,0.518,0.154,0.5,1.2,4.4,1.9492000000000003
1628385,HARRY GILES III,7.1000000000000005,0.5,0.223,0.6,0.6,4.4,1.9484499999999998
1627775,PATRICK MCCAW,8.6,0.613,0.112,1.2,0.3,2.7,1.9468999999999999
1631231,JAMES AKINJO,9.1,0.594,0.187,1.1,0.1,2.3,1.94685
1641907,ERIK STEVENSON,8.9,0.495,0.215,1.0,0.4,2.5,1.94625
1630171,ISAAC OKORO,9.4,0.577,0.136,0.8,0.5,2.0,1.9433
1642072,ISAIH MOORE,8.5,0.684,0.142,0.6,0.6,2.8,1.9430999999999996
1629873,JAYSEAN PAIGE,9.7,0.5,0.21,1.1,0.4,1.6,1.9389999999999998
1641712,RAYAN RUPERT,8.299999999999999,0.412,0.1875,1.1,0.1,3.25,1.933025
1629962,DEVIN CANNADY,9.0,0.56,0.137,0.9,0.3,2.4,1.9325499999999995
203823,CHINEY OGWUMIKE,8.4,0.437,0.2,1.3,0.3,2.9,1.9324
202704,REGGIE JACKSON,10.2,0.499,0.209,0.5,0.1,1.5,1.9311499999999997
1630446,MICHAELA ONYENWERE,8.9,0.458,0.204,0.8,0.5,2.5,1.9297000000000002
1630612,RUBEN NEMBHARD JR.,7.65,0.393,0.19,1.5,0.5,3.4,1.9146
1630623,TYSON ETIENNE,9.2,0.537,0.244,0.6,0.1,2.25,1.914
1630268,NATE DARLING,8.85,0.447,0.2245,1.3,0.7,2.05,1.9080749999999997
1630194,PAUL REED,7.3,0.561,0.156,0.8,1.0,3.6,1.9056
1631466,NATE WILLIAMS,8.233333333333333,0.625,0.18333333333333335,1.8,0.7,2.1666666666666665,1.9
27732,KJ WILLIAMS,7.8,0.466,0.194,0.8,0.3,3.5,1.8998
1629694,OLEK BALCEROWKSI,7.4,0.548,0.122,0.2,1.4,3.6,1.8979000000000001
1631103,MALAKI BRANHAM,9.8,0.504,0.199,0.4,0.1,1.7,1.8931499999999999
1630691,JAMORKO PICKETT,7.35,0.54,0.1875,1.5,0.8,3.2,1.891125
203967,DARIO ŠARIĆ,8.0,0.562,0.19,0.5,0.2,3.3,1.8883999999999999
1626174,CHRISTIAN WOOD,6.9,0.532,0.173,0.3,0.7,4.3,1.8873499999999996
1630563,JOSHUA PRIMO,8.85,0.545,0.24,1.2,1.4,1.45,1.885
1642053,JOIRDON NICHOLAS,7.9,0.506,0.185,0.7,0.7,3.1,1.88395
1641926,DEXTER DENNIS,7.65,0.553,0.21850000000000003,0.9,1.0,3.0,1.883375
1631365,GARRISON BROOKS,6.6,0.684,0.134,0.6,1.2,4.0,1.8819
1631198,AMINU MOHAMMED,7.9,0.525,0.211,2.0,0.7,2.35,1.87665
1631100,AJ GRIFFIN,8.6,0.527,0.202,1.4000000000000001,0.6,2.0,1.8756999999999997
1631368,JUSTIN BEAN,7.8,0.633,0.148,0.2,0.8,3.2,1.8738
1630164,JAMES WISEMAN,7.4,0.604,0.162,0.2,0.6,3.7,1.8700999999999999
1629614,ANDREW NEMBHARD,9.4,0.553,0.164,1.0,0.1,1.6,1.8677
1641721,MAXWELL LEWIS,8.05,0.497,0.1815,1.4000000000000001,1.4000000000000001,2.15,1.866625
1627884,DERRICK JONES JR.,8.6,0.566,0.146,0.7,0.7,2.2,1.8600999999999999
1630184,KIRA LEWIS JR.,9.2,0.489,0.191,1.8,0.4,1.25,1.8589499999999999
200768,KYLE LOWRY,8.1,0.562,0.128,1.0,0.4,2.7,1.8565999999999998
1641657,DORKA JUHÁSZ,6.0,0.505,0.127,0.9,0.6,4.8,1.8525499999999997
203822,REBEKAH GARDNER,7.0,0.536,0.156,2.0,0.3,3.3,1.8480999999999999
1629611,TERANCE MANN,8.8,0.587,0.135,0.6,0.2,2.2,1.84765
1641651,JORDAN HORSTON,6.9,0.385,0.195,1.2,0.6,3.8,1.84625
1628998,CODY MARTIN,7.5,0.444,0.157,1.1,0.6,3.2,1.8448499999999999
1629956,BARRY BROWN JR.,9.5,0.5,0.232,0.8,0.0,1.5,1.8448000000000002
1641983,ALEXEY BORGES,8.7,0.543,0.154,1.6,0.2,1.8,1.8416999999999997
1630533,ZIAIRE WILLIAMS,8.2,0.474,0.192,0.7,0.2,2.8,1.8410999999999995
1628931,GABBY WILLIAMS,8.4,0.388,0.183,1.5,0.4,2.2,1.8375500000000002
1630767,LOUDON LOVE,8.3,0.53,0.185,1.1,0.5,2.2,1.8287500000000003
1629662,MFIONDU KABENGELE,8.0,0.625,0.14,1.2,0.8,2.2,1.826
1628876,JARED BROWNRIDGE,9.5,0.565,0.149,0.4,0.1,1.5,1.8228500000000003
1630553,KEON JOHNSON,8.133333333333333,0.547,0.15633333333333332,1.7000000000000002,0.7,1.9333333333333333,1.82285
1630182,JOSH GREEN,8.2,0.575,0.129,0.8,0.2,2.5,1.8143499999999997
1629480,KALANI BROWN,7.8,0.629,0.174,0.2,0.7,2.8,1.8093999999999997
1630758,ALEEM FORD,8.05,0.508,0.18,1.1,0.5,2.3,1.8011000000000001
1630549,DAY'RON SHARPE,6.8,0.578,0.185,0.4,0.7,3.7,1.80085
1641795,TAEVION KINSEY,8.850000000000001,0.69,0.1175,1.1,0.8,1.15,1.7981250000000002
1641896,YAGO DOS SANTOS,8.3,0.565,0.2,0.3,0.0,2.5,1.7855
1628371,JONATHAN ISAAC,6.8,0.584,0.16,0.7,1.2,3.2,1.7833
1641830,ABDULLAH AHMED,5.8,0.495,0.131,0.2,1.3,4.5,1.77615
1631130,ISMAEL KAMAGATE,6.8,0.733,0.16,0.3,1.5,3.0,1.7756
27736,MILES NORRIS,7.5,0.725,0.146,0.8,0.0,2.8,1.7719
1630651,ROMEO WEEMS,6.3,0.481,0.119,0.8,0.9,3.9,1.77155
1626168,TREY LYLES,7.2,0.576,0.139,0.3,0.3,3.4,1.77105
1630711,OLIN CARTER III,8.9,0.486,0.179,0.3,0.4,1.7,1.76655
1641828,OSUN OSUNNIYI,5.5,0.625,0.188,1.0,0.5,4.5,1.7656999999999998
1629484,MEGAN GUSTAFSON,7.9,0.564,0.217,0.4,0.4,2.5,1.7653500000000002
1630241,SAM MERRILL,8.9,0.592,0.177,0.3,0.1,1.7,1.7649499999999998
1629567,NATISHA HIEDEMAN,8.5,0.486,0.16,0.9,0.1,1.9,1.7561999999999998
1630185,NICO MANNION,8.7,0.292,0.26,1.3,0.0,1.7,1.7548999999999997
1641848,ARMAAN FRANKLIN,8.3,0.472,0.21050000000000002,1.1,0.4,1.8,1.7534750000000001
1630218,ROBERT WOODARD II,5.0,0.283,0.158,0.0,0.3,6.0,1.7528
1642028,KAIDEN RICE,8.2,0.446,0.18,0.5,0.1,2.4,1.7511999999999999
1641825,DINK PATE,8.0,0.38,0.217,0.6,0.1,2.6,1.7510499999999998
1630608,MALCOLM CAZALON,7.25,0.468,0.1885,1.9000000000000001,0.7,2.3,1.749375
1631204,MARCUS SASSER,8.7,0.515,0.199,0.7,0.2,1.6,1.74535
1641994,BRANDON SLATER,8.3,0.585,0.15,0.6,0.2,2.0,1.7445
1629076,TYLER COOK,8.2,0.692,0.204,0.6,0.0,2.0,1.7439999999999998
1630101,CRYSTAL DANGERFIELD,8.2,0.473,0.141,0.9,0.2,2.1,1.7432499999999995
1628317,KARLIE SAMUELSON,7.7,0.602,0.115,0.6,0.1,2.6,1.73515
1630134,SUG SUTTON,8.2,0.431,0.192,0.7,0.1,2.2,1.7349999999999999
1627383,LUKE MARTINEZ,8.0,0.532,0.173,0.8,0.1,2.2,1.72985
1630311,PAT SPENCER,7.449999999999999,0.507,0.1475,1.1,0.4,2.5,1.728525
1630198,ISAIAH JOE,8.2,0.609,0.157,0.6,0.3,1.9,1.7278499999999997
1629011,MITCHELL ROBINSON,5.6,0.575,0.099,1.2,1.1,3.9,1.72735
1630577,JULIAN CHAMPAGNIE,7.6,0.532,0.15,0.7,0.6,2.4,1.7264
1630541,MOSES MOODY,8.1,0.548,0.176,0.6,0.4,2.0,1.726
1630096,DIJONAI CARRINGTON,8.3,0.469,0.228,0.6,0.1,2.0,1.7255000000000003
27709,DEXTER DENNIS,9.0,0.5,0.183,1.0,0.3,1.0,1.7249499999999998
1641880,MIKAEL JANTUNEN,7.8,0.579,0.139,0.5,0.0,2.5,1.71915
1631128,CHRISTIAN BRAUN,7.3,0.525,0.152,0.5,0.4,2.8,1.7103
1631160,JORDAN HALL,6.45,0.565,0.139,1.7999999999999998,0.6000000000000001,2.85,1.70885
1631166,DREW TIMME,6.65,0.607,0.2065,0.6,1.2,2.8,1.704875
1630310,CRAIG RANDALL II,8.0,0.39,0.245,0.6,0.6,2.0,1.70475
203957,DANTÉ EXUM,7.8,0.621,0.148,0.4,0.1,2.3,1.6989
1641859,SOULEY BOUM,8.0,0.509,0.236,1.5,0.2,1.5499999999999998,1.6971999999999998
1630588,MAKUR MAKER,6.05,0.7,0.15999999999999998,0.3,0.7,3.5999999999999996,1.6864999999999997
1630526,JEREMIAH ROBINSON-EARL,4.95,0.542,0.16349999999999998,1.3,0.1,4.7,1.685425
1630230,NAJI MARSHALL,7.1,0.542,0.158,0.7,0.2,2.8,1.6845999999999997
1642011,TERRY ROBERTS,7.2,0.436,0.206,1.2,0.4,2.4,1.6781000000000001
1630389,DANA EVANS,9.0,0.425,0.215,0.7,0.1,1.0,1.67725
1628365,MARKELLE FULTZ,7.8,0.479,0.182,1.0,0.3,1.9,1.6755999999999998
1631449,WARITH ALATISHE,6.1,0.705,0.118,1.1,0.9,3.0,1.6737
1630543,ISAIAH JACKSON,6.7,0.668,0.166,0.6,1.0,2.6,1.6734999999999998
1631212,PEYTON WATSON,7.0,0.517,0.164,0.5,1.1,2.5,1.673
1629638,NICKEIL ALEXANDER-WALKER,8.0,0.56,0.143,0.8,0.5,1.6,1.6709500000000002
1628435,CHANCE COMANCHE,7.7,0.611,0.169,0.7,0.8,1.7,1.6700500000000003
1629729,JOSH REAVES,7.3,0.477,0.177,1.6,0.4,2.0,1.66695
1641748,ANDRE JACKSON JR.,4.75,0.535,0.136,1.4,2.1,3.75,1.6649
1630321,NATE PIERRE-LOUIS,6.5,0.517,0.138,0.8,0.5,3.1,1.6616
1630762,PHILLIP WHEELER,7.0,0.555,0.1785,1.0,1.1,2.1,1.660275
1630205,LAMAR STEVENS,7.2,0.479,0.213,0.6,0.6,2.4,1.65775
1641881,JAVAN JOHNSON,7.800000000000001,0.538,0.1755,0.5,0.7,1.75,1.6564250000000003
1641851,TIMMY ALLEN,6.85,0.46,0.14700000000000002,1.6,0.4,2.4000000000000004,1.6515499999999999
1631347,ANTHONY DURUJI,5.55,0.478,0.1575,1.6,0.5,3.6,1.649225
1629002,CHIMEZIE METU,6.5,0.561,0.162,0.8,0.3,3.0,1.644
1630165,KILLIAN HAYES,6.9,0.452,0.147,0.9,0.5,2.6,1.6424500000000002
1631215,KHALIFA DIOP,4.0,0.625,0.113,0.7,0.7,5.3,1.64195
1629665,JALEN LECQUE,7.25,0.5,0.221,1.2,1.1,1.5999999999999999,1.63315
202252,ALYSHA CLARK,6.7,0.568,0.124,0.6,0.2,2.9,1.6321999999999999
1631298,JACK WHITE,5.3,0.527,0.1215,2.0,1.3,3.1,1.631125
1631260,AJ GREEN,8.25,0.6,0.1595,0.2,0.1,1.5,1.6289250000000002
1631098,JOHNNY DAVIS,6.25,0.45,0.15250000000000002,2.4,0.7,2.3,1.627875
1628981,BRUNO FERNANDO,6.3,0.583,0.172,0.6,0.6,3.0,1.6273999999999997
1630306,ROB EDWARDS,7.7,0.487,0.185,0.8,0.2,1.8,1.62515
1642045,DEVON HIGGS,6.1,0.515,0.142,0.7,0.7,3.2,1.6242999999999999
1630462,AARI MCDONALD,7.9,0.479,0.166,0.6,0.0,1.8,1.6207
1626204,LARRY NANCE JR.,5.7,0.629,0.112,1.0,0.3,3.5,1.6200999999999999
1630593,MCKINLEY WRIGHT IV,8.5,0.577,0.236,0.5,0.0,1.0,1.6133
1630640,M.J. WALKER JR.,8.2,0.56,0.183,0.3,0.3,1.3,1.6094499999999998
1629734,KYLE ALEXANDER,6.6,0.658,0.152,0.6,1.6,2.0,1.6093999999999997
202324,DERRICK FAVORS,5.6,0.667,0.124,0.3,0.7,3.6,1.607
201565,DERRICK ROSE,8.0,0.506,0.222,0.3,0.1,1.6,1.6045
1626217,CHRIS WALKER,5.2,0.656,0.142,0.3,1.4,3.6,1.6
1628449,CHRIS BOUCHER,6.4,0.578,0.167,0.3,0.5,2.9,1.59565
1630540,MILES MCBRIDE,8.3,0.572,0.164,0.7,0.1,1.0,1.594
1629670,JORDAN NWORA,7.0,0.535,0.213,0.5,0.3,2.3,1.5939500000000002
1630181,R.J. HAMPTON,7.300000000000001,0.539,0.1575,0.7,0.3,1.95,1.5939249999999998
203937,KYLE ANDERSON,6.4,0.472,0.14,0.9,0.6,2.7,1.5929
1629605,TACKO FALL,6.4,0.786,0.163,0.0,1.6,2.2,1.59165
1629488,BRIANNA TURNER,3.5,0.65,0.073,1.0,1.1,5.1,1.58845
203090,MAURICE HARKLESS,6.0,0.667,0.1,0.3,0.7,3.1,1.5884
1630702,JADEN HARDY,7.9,0.484,0.243,0.3,0.1,1.6,1.58825
1628464,DANIEL THEIS,6.3,0.577,0.15,0.4,0.9,2.7,1.5854000000000001
1630199,CASSIUS STANLEY,6.5,0.458,0.207,1.0,0.5,2.5,1.58515
1630570,TRENDON WATFORD,6.9,0.571,0.203,0.4,0.3,2.3,1.5771499999999998
1630177,THEO MALEDON,6.55,0.648,0.177,1.2000000000000002,0.2,2.2,1.57365
1641760,OMARI MOORE,5.8999999999999995,0.513,0.135,2.0999999999999996,0.5,2.45,1.57035
1630631,JOSE ALVARADO,7.1,0.525,0.168,1.1,0.3,1.8,1.5702
1641985,BRYSON WARREN,7.8,0.48,0.172,0.7,0.4,1.3,1.5693
1629818,JORDAN MURPHY,6.1,0.464,0.139,0.7,0.3,3.1,1.5686499999999999
1631413,TREY MCGOWENS,6.2,0.574,0.177,2.8,0.6,1.6,1.56635
1641844,TARIK BIBEROVIC,6.7,0.523,0.185,0.6,0.3,2.4,1.5648499999999999
1641799,CALEB MCCONNELL,4.55,0.474,0.1375,2.2,1.4,3.3,1.562925
1641745,ADAM FLAGLER,7.8,0.563,0.20600000000000002,0.7,0.1,1.25,1.561
204296,REBECCA ALLEN,6.4,0.492,0.144,0.9,1.3,2.1,1.5599999999999998
1631489,NOAH STARKEY,6.8,0.667,0.153,0.3,0.6,2.1,1.5588499999999998
1630696,DRU SMITH,7.1,0.506,0.167,1.7,0.3,1.4,1.5512499999999998
1630791,JAMES BANKS III,5.5,0.542,0.119,0.7,1.7,2.8,1.5512499999999998
1641924,JAMAL BEY,5.9,0.461,0.115,1.0,0.4,3.0,1.54945
27725,JACK NUNGE,6.3,0.5,0.175,1.0,0.7,2.3,1.54375
1626224,CEDI OSMAN,6.8,0.591,0.146,0.5,0.2,2.2,1.5426
1631219,JOHN BUTLER JR.,5.5,0.727,0.112,0.9,2.0,2.25,1.5421999999999998
1629731,DEAN WADE,5.4,0.584,0.101,0.7,0.5,3.4,1.5419500000000002
1630248,SACHA KILLEYA-JONES,5.8,0.583,0.192,1.0,1.0,2.5,1.5404
1631235,ELI BROOKS,6.0,0.474,0.101,0.7,0.3,3.0,1.5349499999999998
1642019,WILL RICHARDSON,7.0,0.602,0.164,0.8,0.1,1.8,1.5325000000000002
1628591,CRAIG SWORD,6.3,0.647,0.1495,1.7999999999999998,0.8,1.6,1.531825
1641856,TEVIAN JONES,6.75,0.513,0.16849999999999998,1.4,0.7,1.55,1.5303749999999998
27704,PATRICK GARDNER,5.8,0.579,0.2,0.8,0.0,3.0,1.5258
1641717,CASON WALLACE,6.9,0.585,0.132,0.9,0.4,1.7,1.5243000000000002
1627676,TIFFANY MITCHELL,7.3,0.434,0.181,0.5,0.1,1.8,1.5239500000000001
1631322,JAVANTE MCCOY,6.449999999999999,0.516,0.1695,1.3,0.30000000000000004,2.05,1.5236249999999996
1626208,KEIFER SYKES,6.25,0.7,0.16,1.9,0.2,1.75,1.5214999999999999
203109,JAE CROWDER,6.2,0.53,0.113,0.8,0.2,2.6,1.51795
1628372,DENNIS SMITH JR.,6.6,0.482,0.174,1.2,0.2,2.0,1.5174999999999998
201976,PATRICK BEVERLEY,6.2,0.497,0.141,0.6,0.4,2.6,1.5155499999999997
1628899,MYISHA HINES-ALLEN,5.6,0.381,0.202,0.7,0.2,3.3,1.509
1629020,JARRED VANDERBILT,5.2,0.553,0.111,1.2,0.2,3.3,1.50725
1629308,JUAN TOSCANO-ANDERSON,6.3,0.586,0.1645,0.7999999999999999,0.6,2.0500000000000003,1.4993750000000001
1641874,ANGELO ALLEGRI,6.45,0.75,0.183,0.4,0.2,2.05,1.49745
1630598,AARON WIGGINS,6.9,0.645,0.163,0.7,0.2,1.6,1.49595
1629656,QUENTIN GRIMES,7.0,0.495,0.155,0.7,0.1,1.7,1.48725
203095,EVAN FOURNIER,6.9,0.432,0.187,0.9,0.2,1.7,1.4869499999999998
1629697,JOSHUA OBIESIE,6.5,0.519,0.206,0.7,0.7,1.8,1.4847
1641762,JAMES NNAJI,3.8,0.667,0.091,0.2,2.0,4.0,1.48205
201587,NICOLAS BATUM,5.3,0.596,0.085,0.8,0.6,3.0,1.4819499999999999
1631342,DAEQWON PLOWDEN,5.95,0.592,0.13,0.7,1.2,2.05,1.4804
202694,MARCUS MORRIS SR.,6.4,0.53,0.162,0.3,0.3,2.3,1.4803
1628470,TORREY CRAIG,5.7,0.55,0.121,0.6,0.4,2.8,1.4781499999999999
1629312,HAYWOOD HIGHSMITH,6.1,0.581,0.121,0.8,0.5,2.2,1.4768500000000002
1641863,DANE GOODWIN,5.75,0.643,0.1375,0.4,0.8,2.5,1.476725
1629792,GABE LEVIN,5.3,0.612,0.106,0.8,0.6,2.9,1.4732999999999998
1628962,UDOKA AZUBUIKE,4.800000000000001,0.818,0.1255,0.7,1.0,2.9499999999999997,1.4724249999999999
1626166,CAMERON PAYNE,7.4,0.541,0.185,0.5,0.1,1.2,1.4709500000000002
1630196,FILIP PETRUSEV,5.7,0.586,0.1605,0.2,1.4,2.35,1.468775
1641792,JOEY HAUSER,5.55,0.541,0.118,0.8,0.3,2.8499999999999996,1.4684
1630358,CHRIS CLARKE,4.8,0.393,0.157,0.9,0.3,3.7,1.46715
1629232,KAISER GATES,5.8,0.585,0.1935,0.6,0.3,2.55,1.4660249999999997
1628418,THOMAS BRYANT,5.7,0.591,0.187,0.3,0.4,2.7,1.45875
1629051,QUINTON ROSE,6.3,0.466,0.195,0.7,0.5,2.0,1.4574500000000001
1629048,GOGA BITADZE,5.0,0.608,0.129,0.5,1.2,2.9,1.4534500000000001
1641782,TYGER CAMPBELL,7.0,0.421,0.178,1.3,0.0,1.3,1.4534
1641893,KEVIN OBANOR,5.5,0.524,0.1675,0.3,0.5,2.9,1.4499250000000001
1641920,JUSTIN POWELL,6.3,0.596,0.109,0.7,0.0,2.1,1.4480499999999998
1631165,KEON ELLIS,6.1,0.609,0.132,1.1,0.5,1.8,1.4466
1630340,JAIRE GRAYER,5.8,0.409,0.186,0.6,0.2,2.7,1.4446999999999999
1630811,KEATON WALLACE,7.0,0.475,0.19,1.0,0.0,1.3,1.4435
1629204,SCOTTIE LINDSEY,6.2,0.417,0.165,0.9,0.1,2.2,1.44315
1629546,MARINE JOHANNÈS,7.1,0.544,0.17,0.7,0.1,1.2,1.4393
1641987,DAVID MUOKA,4.8,0.57,0.133,0.2,1.4,3.1,1.43895
1629599,AMIR COFFEY,6.6,0.571,0.119,0.6,0.2,1.7,1.4370499999999997
1630538,BONES HYLAND,6.9,0.474,0.241,0.7,0.1,1.4,1.4359499999999998
203914,GARY HARRIS,6.9,0.569,0.114,0.9,0.3,1.2,1.4359
202687,BISMACK BIYOMBO,4.4,0.565,0.106,0.3,0.9,3.7,1.4339
1630286,TREVON SCOTT,5.75,0.579,0.127,1.6,0.8,1.7000000000000002,1.43235
1642207,ADAM KUNKEL,7.3,0.468,0.22,0.2,0.0,1.3,1.4316
1641941,VINCENT VALERIO-BODON,6.0,0.489,0.14,0.7,1.2,1.8,1.4313
1641855,FRANK BARTLEY,5.3,0.615,0.22,1.0,0.0,2.7,1.431
1629234,DREW EUBANKS,5.1,0.607,0.129,0.4,0.8,2.9,1.43075
1628278,SHATORI WALKER-KIMBROUGH,6.3,0.507,0.111,0.7,0.4,1.9,1.43055
1641789,JAZIAN GORTMAN,7.1,0.473,0.2935,0.5,0.2,1.15,1.4286249999999998
1630214,XAVIER TILLMAN,5.3,0.47,0.146,0.9,0.8,2.6,1.4284
1641868,JAKE STEPHENS,4.85,0.626,0.1355,0.5,1.7,2.6,1.4280249999999999
1626172,KEVON LOONEY,4.5,0.597,0.11,0.4,0.4,3.7,1.4259
1629993,KALEB JOHNSON,6.4,0.571,0.193,0.4,0.3,1.8,1.4256499999999999
1641861,NICK ONGENDA,4.800000000000001,0.663,0.1275,0.7,2.2,2.2,1.4192250000000002
27746,DEJAN VASILJEVIC,7.3,0.475,0.222,0.0,0.0,1.3,1.4183000000000001
1628881,MONIQUE BILLINGS,4.8,0.407,0.15,0.4,0.3,3.6,1.4163999999999999
1641602,IVANA DOJKIĆ,6.5,0.5,0.161,0.8,0.2,1.6,1.41415
1629620,JUSTIN ROBINSON,6.8,0.347,0.207,0.7,0.2,1.5,1.41295
1628929,KRISTY WALLACE,6.6,0.481,0.172,0.6,0.2,1.6,1.4119999999999997
1631171,JUSTIN LEWIS,4.85,0.5,0.1745,0.7,0.8,2.95,1.4086750000000001
1629788,TYLER HALL,6.05,0.626,0.10600000000000001,0.3,0.1,2.2,1.4086
1629723,JOHN KONCHAR,4.3,0.514,0.096,0.9,0.9,3.4,1.4072
1630346,MATT RYAN,6.95,0.615,0.15949999999999998,0.2,0.0,1.35,1.4069249999999998
201145,JEFF GREEN,6.5,0.529,0.152,0.2,0.4,1.7,1.4036
1631031,QUEEN EGBO,4.8,0.5,0.183,0.4,0.6,3.2,1.40245
1626192,PAT CONNAUGHTON,5.6,0.553,0.106,0.5,0.3,2.5,1.4015
1628436,LUKE KORNET,5.3,0.702,0.107,0.4,1.0,2.3,1.4014499999999999
203995,VASILIJE MICIĆ,7.0,0.488,0.189,0.5,0.1,1.2,1.4009500000000001
1629013,LANDRY SHAMET,7.1,0.527,0.181,0.5,0.2,1.0,1.4000499999999998
1641934,DAVID SINGLETON,5.6,0.431,0.108,0.8,0.3,2.5,1.3999
1628920,MERCEDES RUSSELL,5.0,0.516,0.138,0.4,0.5,3.0,1.3914
1641823,THIERRY DARLAN,4.7,0.477,0.13,0.5,0.3,3.4,1.3899
202722,DĀVIS BERTĀNS,6.7,0.556,0.169,0.6,0.3,1.2,1.3890499999999997
1641909,WALTER ELLIS,6.3,0.514,0.173,0.4,0.4,1.7,1.38875
1642046,MILLER KOPP,6.3,0.496,0.145,0.3,0.2,1.8,1.3734499999999998
1628263,LINDSAY ALLEN,6.2,0.42,0.14,0.6,0.1,1.9,1.3724999999999998
1641778,LEAKY BLACK,4.2,0.558,0.10550000000000001,1.2,1.0,3.0,1.3724249999999998
1628242,EMMA CANNON,5.8,0.504,0.251,0.1,0.1,2.3,1.3684500000000002
1641991,LOGAN JOHNSON,6.1,0.529,0.159,0.6,0.1,1.8,1.3671499999999999
1642066,MYRON GARDNER,4.8,0.489,0.141,0.5,0.3,3.1,1.36395
1626158,RICHAUN HOLMES,5.0,0.561,0.141,0.3,0.5,2.8,1.36335
1628988,AARON HOLIDAY,6.6,0.547,0.158,0.5,0.1,1.3,1.3631000000000002
1629626,BOL BOL,5.2,0.689,0.156,0.2,0.6,2.4,1.3612000000000002
1629680,MATISSE THYBULLE,5.4,0.524,0.105,1.7,0.8,1.6,1.3580500000000002
1627739,KRIS DUNN,5.4,0.535,0.132,1.0,0.4,2.1,1.3568
27737,UROS PLAVSIC,5.5,0.458,0.167,0.5,0.0,2.5,1.35415
1628387,IKE ANIGBOGU,4.2,0.531,0.155,0.1,1.6,3.1,1.35195
1641849,DARIUS MCGHEE,6.75,0.497,0.242,0.6,0.7,0.7,1.3506999999999998
1628927,VICTORIA VIVIANS,5.2,0.451,0.152,0.7,0.2,2.6,1.3505
1628915,KIA NURSE,5.9,0.451,0.147,0.6,0.1,2.0,1.34975
1630342,TRHAE MITCHELL,4.6499999999999995,0.632,0.10250000000000001,1.8,1.5,1.75,1.3492749999999998
1641869,MALACHI SMITH,4.8,0.558,0.16699999999999998,1.3,0.4,2.4,1.34415
1630045,JARED WILSON-FRAME,6.1,0.457,0.151,0.5,0.1,1.8,1.3440500000000002
1627853,RYAN ARCIDIACONO,5.75,0.515,0.12,1.6,0.3,1.45,1.3435
1630828,ALEX ANTETOKOUNMPO,5.7,0.369,0.154,0.4,0.4,2.2,1.3419
1641847,ANDREW FUNK,5.966666666666666,0.535,0.15166666666666667,1.2,0.4,1.3,1.33975
1629699,JARREY FOSTER,6.4,0.488,0.159,0.5,0.3,1.3,1.3364500000000001
1630547,JAMES BOUKNIGHT,6.1,0.5,0.238,0.4,0.2,1.6,1.3356999999999999
202658,DANIELLE ROBINSON,5.8,0.49,0.135,0.7,0.1,1.9,1.33325
1628237,JOSH HAGINS,5.2,0.451,0.137,1.5,0.2,2.1,1.3332499999999998
1631371,GRANT GOLDEN,5.5,0.733,0.141,0.5,0.0,2.0,1.3302500000000002
1630597,DJ STEWART,5.8,0.559,0.117,0.3,0.5,1.8,1.32935
27731,JUSTICE SUEING,5.0,0.556,0.115,1.0,1.0,2.0,1.32845
1641568,DJORDIJE JOVANOVIC,5.6,0.468,0.12,0.7,0.5,1.9,1.3266
27728,ADAM KUNKEL,7.5,0.682,0.179,0.5,0.0,0.0,1.3257500000000002
1628964,MO BAMBA,4.4,0.553,0.149,0.4,1.1,2.8,1.32545
1628992,JUSTIN JACKSON,5.7,0.477,0.17,0.4,0.3,1.9,1.3134
27714,MYLES BURNS,4.5,0.75,0.25,0.0,0.0,3.0,1.3125
1630720,MANNY CAMPER,4.5,0.471,0.109,0.5,0.3,3.1,1.3105499999999999
1630733,JORDAN TUCKER,6.1,0.531,0.155,0.6,0.1,1.4,1.3069499999999998
27700,CHASE AUDIGE,6.4,0.588,0.169,0.9,0.4,0.7,1.3054499999999998
1630706,BRYCE WILLS,4.4,0.446,0.14,0.6,0.5,3.0,1.3027
1642071,SAM PEEK,5.1,0.51,0.14,0.4,0.5,2.3,1.3005
1629677,LUKA SAMANIC,5.4,0.465,0.216,0.2,0.2,2.2,1.2954
1630641,IBOU BADJI,3.95,0.818,0.0875,0.2,4.1,1.35,1.294225
1629623,LINDELL WIGGINTON,6.4,0.625,0.287,0.6,0.0,0.8,1.29305
1641986,"TEAFALE LENARD, JR.",5.3,0.507,0.141,0.9,1.1,1.5,1.2925499999999999
1630209,OMER YURTSEVEN,4.6,0.552,0.173,0.2,0.4,2.8,1.29135
1627395,JULIAN WASHBURN,4.3,0.633,0.062,0.7,0.3,2.9,1.2909
1627780,GARY PAYTON II,5.5,0.617,0.13,0.9,0.4,1.5,1.2904
27729,TANNER GROVES,2.0,0.333,0.138,1.0,1.0,5.0,1.2873
1631263,NIKOLINA MILIĆ,5.9,0.484,0.223,0.1,0.1,1.7,1.28525
201568,DANILO GALLINARI,5.7,0.516,0.171,0.3,0.1,1.8,1.2838500000000002
1641727,DARIQ WHITEHEAD,4.9,0.457,0.14400000000000002,0.5,0.5,2.4,1.283
1631108,MAX CHRISTIE,5.3,0.528,0.143,0.3,0.3,2.1,1.28205
1631119,JAYLIN WILLIAMS,4.2,0.527,0.134,0.4,0.4,3.1,1.2805
1631407,EVAN GILYARD,6.3,0.384,0.209,0.8,0.0,1.1,1.2781500000000001
1630687,REID TRAVIS,5.1,0.407,0.171,0.2,0.2,2.5,1.27705
203496,ROBERT COVINGTON,4.4,0.536,0.104,1.3,0.6,2.3,1.2703000000000002
1641788,ALEX FUDGE,4.5,0.503,0.166,1.7,2.0,1.2666666666666666,1.2679999999999998
1642128,KIHEI CLARK,5.3,0.469,0.156,0.7,0.2,1.9,1.2647
204329,KIAH STOKES,2.2,0.464,0.06,0.7,1.0,4.7,1.2643
1641914,CHASE AUDIGE,4.8,0.422,0.216,0.6,0.1,2.5,1.2643
1631135,OLIVIA NELSON-ODODA,4.5,0.537,0.134,0.5,0.8,2.4,1.2599999999999998
1628467,MAXI KLEBER,4.4,0.541,0.096,0.4,0.7,2.6,1.2551
1631121,BRYCE MCGOWENS,5.8,0.48,0.159,0.3,0.2,1.5,1.2523499999999999
1629629,CAM REDDISH,5.4,0.468,0.123,1.0,0.3,1.5,1.2445499999999998
1641892,DESMOND CAMBRIDGE JR.,5.0,0.5,0.125,1.0,0.0,2.0,1.24375
1628426,SASHA VEZENKOV,5.4,0.558,0.171,0.5,0.2,1.6,1.23975
1631300,DRAKE JEFFRIES,4.55,0.465,0.14200000000000002,1.5,0.4,2.0,1.2393
1629955,GALEN ROBINSON JR.,5.0,0.518,0.121,1.5,0.2,1.6,1.2392500000000002
1641862,YAUHEN MASSALSKI,4.6,0.629,0.194,0.4,0.8,2.0,1.2349
1641947,MYLES BURNS,5.0,0.422,0.168,1.4,0.2,1.7,1.2346
203918,RODNEY HOOD,4.8,0.5,0.14,0.4,0.4,2.2,1.231
1641877,NATHAN MENSAH,3.85,0.548,0.11399999999999999,1.1,1.0,2.45,1.2292
1642038,YOR ANEI,4.2,0.45,0.144,0.7,1.4,2.2,1.2291
27730,HUNTER MALDONADO,4.2,0.476,0.125,0.8,0.0,2.8,1.2239499999999999
203866,KAYLA THORNTON,4.5,0.517,0.111,0.7,0.3,2.3,1.2150499999999997
201599,DEANDRE JORDAN,3.9,0.624,0.147,0.2,0.4,2.9,1.21185
1629026,KENRICH WILLIAMS,4.7,0.568,0.132,0.6,0.1,2.1,1.2059
1630201,MALACHI FLYNN,5.5,0.505,0.199,0.6,0.1,1.3,1.2033500000000001
1642075,JAYLEN SEBREE,5.0,0.625,0.158,0.0,0.0,2.0,1.1987
203503,TONY SNELL,4.8,0.514,0.133,0.4,0.2,2.0,1.18775
27734,SETH MILLNER,5.2,0.417,0.154,0.4,0.0,1.8,1.1865
1641710,ANTHONY BLACK,4.8,0.527,0.13,0.6,0.3,1.8,1.1824
1630246,KAMAR BALDWIN,5.3,0.444,0.178,1.3,0.3,1.0,1.1804999999999999
1631441,JACOB YOUNG,4.9,0.439,0.169,0.9,0.1,1.7,1.17815
1628539,MYCHAL MULDER,4.95,0.447,0.145,1.1,0.4,1.4,1.17615
1631104,BLAKE WESLEY,5.1,0.473,0.16,0.6,0.1,1.6,1.1761
1629637,JAXSON HAYES,4.3,0.72,0.121,0.5,0.4,2.0,1.17465
1629646,CHARLES BASSEY,3.3,0.725,0.11,0.4,0.9,2.8,1.174
203035,SHEY PEDDY,5.2,0.464,0.155,0.8,0.1,1.4,1.17355
1641675,DULCY FANKAM MENDJIADEU,3.9,0.523,0.137,0.4,0.3,2.7,1.16765
203498,SHABAZZ MUHAMMAD,5.8,0.538,0.295,0.1,0.2,0.8,1.1643499999999998
1631261,FABIAN WHITE JR.,4.2,0.522,0.163,0.3,0.7,2.2,1.16385
1628420,MONTÉ MORRIS,5.0,0.493,0.151,0.6,0.3,1.5,1.1637499999999998
1629111,JOCK LANDALE,4.9,0.539,0.139,0.4,0.6,1.5,1.16365
1630112,TYASHA HARRIS,5.8,0.51,0.17,0.7,0.1,0.7,1.1625
1630675,DEVONTAE SHULER,5.550000000000001,0.494,0.2205,0.8,0.1,0.85,1.159375
1627672,AERIAL POWERS,5.2,0.446,0.261,0.2,0.1,1.5,1.15585
1641902,JOSH CARLTON,4.3,0.538,0.196,0.8,0.5,1.8,1.1494999999999997
1630187,DANIEL OTURU,4.4,0.615,0.181,0.0,0.0,2.2,1.14015
1627208,STEPHAN HICKS,4.7,0.519,0.158,0.6,0.1,1.7,1.1400000000000001
1630555,JOEL AYAYI,4.2,0.8,0.113,0.5,0.3,1.8,1.1369500000000001
1629906,ELIJAH CAIN,5.1,0.451,0.157,0.6,0.4,1.2,1.13375
1631086,LEXIE HULL,4.6,0.417,0.13,1.0,0.3,1.6,1.1303999999999998
1642089,RUAN MIRANDA,4.4,0.57,0.166,0.1,0.3,2.0,1.1289
1630895,AMAURI HARDY,5.35,0.389,0.201,0.7,0.3,0.95,1.1279499999999998
1630587,ISAIAH LIVERS,5.0,0.44,0.122,0.6,0.2,1.4,1.1263
1629361,MARVIN SMITH,4.8,0.442,0.159,0.4,0.1,1.7,1.12475
1641642,LI MENG,5.6,0.512,0.162,0.3,0.0,0.9,1.1242
1626201,WESLEY SAUNDERS,3.7,0.4,0.094,0.7,0.0,2.8,1.1216
1630732,LACEY JAMES,4.1,0.511,0.146,0.2,0.5,2.2,1.1216
1627671,RACHEL BANHAM,5.5,0.5,0.202,0.3,0.1,0.9,1.1202999999999999
1630847,WILL VORHEES,4.7,0.578,0.138,0.2,0.5,1.5,1.1187999999999998
204060,JOE INGLES,4.4,0.59,0.111,0.6,0.1,1.8,1.11715
1631208,RYAN TURELL,5.0,0.54,0.169,0.3,0.0,1.4,1.11585
1630270,XAVIER SNEED,4.0,0.25,0.155,0.5,0.8,2.3,1.11575
1641939,JUSTYN HAMILTON,5.0,0.417,0.182,0.0,0.0,1.7,1.1157
1642235,XAVIER PINSON,4.4,0.529,0.128,0.6,0.6,1.6,1.1150000000000002
1630721,MARCUS BURK,5.2,0.485,0.136,0.5,0.2,1.1,1.1149
1630572,SANDRO MAMUKELASHVILI,4.1,0.532,0.169,0.2,0.3,2.2,1.11425
1630256,JAE'SEAN TATE,4.1,0.522,0.115,0.6,0.2,2.1,1.11165
1630307,JIMMY WHITT,4.9,0.532,0.15,0.3,0.2,1.4,1.1114
203926,DOUG MCDERMOTT,5.5,0.599,0.144,0.3,0.0,0.8,1.1088999999999998
1630558,DAVION MITCHELL,5.3,0.54,0.147,0.2,0.0,1.1,1.1050499999999999
1628984,DEVONTE' GRAHAM,5.0,0.468,0.175,0.4,0.1,1.3,1.10235
202719,JEREMY TYLER,3.6,0.441,0.153,0.3,0.3,2.7,1.10115
203552,SETH CURRY,5.1,0.485,0.159,0.5,0.1,1.1,1.0958499999999998
1626153,DELON WRIGHT,4.5,0.46,0.127,1.1,0.2,1.4,1.09355
201152,THADDEUS YOUNG,4.2,0.606,0.125,0.7,0.2,1.7,1.09245
1629006,JOSH OKOGIE,4.6,0.488,0.125,0.8,0.4,1.3,1.09135
1631044,NAZ HILLMON,4.1,0.509,0.135,0.2,0.1,2.2,1.0895499999999998
202708,NORRIS COLE,5.2,0.395,0.156,0.9,0.2,0.8,1.0849000000000002
1628972,TROY BROWN JR.,4.2,0.476,0.139,0.4,0.1,2.0,1.08355
1642049,DIBAJI WALKER,4.7,0.509,0.186,0.6,0.3,1.2,1.0822
1627900,WILL DAVIS,4.3,0.571,0.139,0.2,0.6,1.6,1.08005
1641912,SAM GRIESEL,3.3,0.409,0.152,0.8,0.0,2.8,1.0796
1641845,NATE LASZEWSKI,4.7,0.5,0.126,0.7,0.7,1.0,1.0789
1629726,GARRISON MATHEWS,4.9,0.644,0.11,0.3,0.1,1.1,1.0753
201580,JAVALE MCGEE,4.0,0.602,0.214,0.3,0.4,1.8,1.075
202951,JEREMY PARGO,5.0,0.446,0.212,0.4,0.1,1.1,1.0735
1642118,JAYCEE HILLSMAN,3.9,0.545,0.143,0.4,0.3,2.0,1.06795
1629000,BRANDON MCCOY,3.65,0.484,0.21650000000000003,0.5,0.3,2.2,1.066775
1631436,GABE OSABUOHIEN,3.2,0.365,0.141,0.8,0.5,2.6,1.06165
1629082,MIKYLE MCINTOSH,4.0,0.261,0.176,0.7,0.0,2.2,1.0611
1641884,ISIAHA MIKE,4.8,0.432,0.163,0.6,0.0,1.2,1.05585
1630317,NATE RENFRO,3.7,0.714,0.086,1.0,1.0,1.3,1.0557
1630697,ANTHONY TARKE,3.4,0.586,0.151,1.7,1.0,1.35,1.05485
1631253,HYUNJUNG LEE,4.3,0.786,0.083,0.3,0.3,1.3,1.0546499999999999
27720,LOUIS OLINDE,3.4,0.467,0.101,0.8,0.2,2.4,1.05355
1642058,KEVION NOLAN,4.3,0.433,0.138,0.5,0.1,1.7,1.0522999999999998
1641908,XAVIER CASTANEDA,5.0,0.324,0.267,0.3,0.3,1.0,1.04985
1642124,DEREK HAWTHORNE,5.0,0.625,0.114,0.0,0.0,1.0,1.0421
1631408,BEN COUPET JR.,4.2,0.558,0.1315,0.3,0.1,1.65,1.0388249999999999
1629571,MORGAN BERTSCH,4.4,0.534,0.153,0.4,0.3,1.3,1.03725
1641879,YURI COLLINS,3.75,0.521,0.112,1.3,0.1,1.65,1.036
1641777,CHARLES BEDIAKO,3.5,0.667,0.201,0.3,0.8999999999999999,1.7000000000000002,1.03355
1642026,DIEGO BERNARD,4.5,0.519,0.134,1.1,0.2,0.9,1.0314
1628975,JEVON CARTER,5.0,0.484,0.168,0.5,0.2,0.7,1.0295
1630943,FRANKIE FERRARI,3.0,0.452,0.133,0.3,0.1,2.9,1.0253499999999998
1629003,SHAKE MILTON,4.5,0.451,0.173,0.4,0.1,1.3,1.02365
1629476,ASIA (AD) DURR,4.8,0.439,0.212,0.3,0.1,1.0,1.0195999999999998
1629010,JEROME ROBINSON,4.7,0.55,0.20600000000000002,0.0,0.6,0.85,1.0184
1641658,GRACE BERGER,4.2,0.512,0.147,0.5,0.2,1.4,1.01695
1628532,SHAWNDRE JONES,4.8,0.409,0.182,0.4,0.1,1.0,1.0166
1641999,JOHN KNIGHT III,4.1,0.425,0.18,0.9,0.3,1.3,1.0119999999999998
1628968,BRIAN BOWEN II,4.0,0.526,0.125,0.4,0.30000000000000004,1.5499999999999998,1.00895
1630589,MOSES WRIGHT,3.7,0.5,0.2,1.0,0.7,1.3,1.0075
1642249,JOEY BAKER,4.6,0.487,0.151,0.2,0.2,1.1,1.00505
1641650,HALEY JONES,3.7,0.355,0.173,0.4,0.3,2.0,1.00445
1630113,RUTHY HEBARD,3.9,0.585,0.158,0.3,0.4,1.5,1.0032
1631216,CALEB HOUSTAN,4.6,0.559,0.128,0.3,0.1,1.0,1.001
1630226,KAI SOTTO,3.0,0.3,0.264,0.0,2.0,2.0,0.9996
1631207,DALEN TERRY,3.8,0.466,0.143,0.6,0.3,1.6,0.99215
27701,CALEB DANIELS,4.8,0.575,0.147,0.4,0.2,0.6,0.99205
1629619,MYLES POWELL,4.0,0.25,0.278,0.0,0.0,2.0,0.9917
202684,TRISTAN THOMPSON,3.3,0.613,0.132,0.2,0.3,2.1,0.9899
1630575,SCOTTIE LEWIS,3.3,0.398,0.112,1.1,1.0,1.6,0.9888999999999999
1641943,BRENDAN ADAMS,4.3,0.722,0.164,0.3,0.0,1.0,0.9864999999999999
1631021,SIKA KONÉ,3.6,0.553,0.18,0.2,0.1,1.9,0.9851000000000001
1630639,A.J. LAWSON,4.2,0.515,0.178,0.5,0.1,1.2,0.9846999999999999
203939,DWIGHT POWELL,3.3,0.684,0.087,0.4,0.3,1.9,0.9823499999999998
1630824,JERMAINE HALEY,3.0,0.75,0.038,2.0,1.0,1.0,0.9807
203828,STEFANIE DOLSON,4.0,0.603,0.152,0.0,0.3,1.4,0.9758999999999999
27739,DAVID SINGLETON,4.0,0.667,0.115,0.5,0.5,1.0,0.97565
1629052,OSHAE BRISSETT,3.7,0.493,0.136,0.3,0.1,1.8,0.974
1642099,ISIAIH MOSLEY,3.8,0.42,0.174,0.5,0.2,1.6,0.9725999999999999
1642085,TRAY MADDOX,4.5,0.506,0.154,0.2,0.3,0.9,0.9717999999999999
1627863,DANUEL HOUSE JR.,4.2,0.519,0.116,0.4,0.1,1.2,0.9686999999999999
1630806,KALOB LEDOUX,4.0,0.346,0.194,0.4,0.0,1.6,0.9682999999999999
1641660,ZIA COOKE,4.8,0.329,0.213,0.3,0.3,0.7,0.9677499999999999
1628966,KEITA BATES-DIOP,3.7,0.497,0.128,0.5,0.4,1.5,0.9661000000000001
1630714,JOSH NZEAKOR,4.0,0.611,0.12,0.1,0.3,1.3,0.9651999999999998
1631399,JON ELMORE,3.7,0.311,0.16,0.6,0.3,1.7,0.9637
1629862,SHAWN OCCEUS,3.9,0.417,0.149,0.9,0.5,1.1,0.96075
203200,JUSTIN HOLIDAY,4.0,0.595,0.104,0.6,0.2,1.1,0.9596
1630537,CHRIS DUARTE,3.9,0.486,0.146,0.5,0.1,1.4,0.9590999999999998
1630231,KJ MARTIN,3.7,0.558,0.127,0.4,0.2,1.5,0.9556500000000001
204190,DUKE MONDY,4.0,0.462,0.144,1.7,0.0,0.7,0.9464999999999999
1642052,JOEY CALCATERRA,3.8,0.424,0.138,0.9,0.0,1.3,0.938
203933,T.J. WARREN,3.7,0.463,0.148,0.4,0.1,1.5,0.9323
1641865,ED CROSWELL,4.3,0.75,0.189,0.0,0.0,0.7,0.9283499999999999
1629604,CJ ELLEBY,3.3,0.429,0.161,0.3,0.0,2.0,0.9274499999999999
1642044,"EMMITT MATTHEWS, JR.",3.3,0.451,0.13,0.2,0.3,1.9,0.9271999999999998
1641773,AZUOLAS TUBELIS,2.5,0.563,0.107,0.3,0.3,2.5,0.9236499999999999
1630115,JOYNER HOLMES,3.3,0.441,0.162,0.3,0.3,1.8,0.9224999999999999
1630831,NATE BRADLEY,4.0,1.5,0.128,0.0,0.0,0.0,0.9192
1630348,ADMON GILDER,3.1,0.405,0.124,0.7,0.6,1.7,0.9171
1642025,"JANIEL ""JJ"" ROMER ROSARIO",2.7,0.308,0.149,0.2,0.5,2.5,0.91645
1641641,ROBYN PARKS,3.9,0.496,0.138,0.3,0.1,1.2,0.9148999999999998
1641988,LUKE AVDALOVIC,3.6,0.549,0.167,0.1,0.1,1.5,0.9148499999999999
1641870,JAIZEC LOTTIE,4.7,0.333,0.253,0.0,0.0,0.7,0.91455
1630652,TREVION WILLIAMS,3.2,0.316,0.169,0.2,0.4,2.0,0.9135500000000001
27738,MARCIO SANTOS,2.0,0.0,0.082,0.0,0.0,4.0,0.9122999999999999
1641852,NATHAN HOOVER,4.8,0.274,0.2,0.2,0.0,0.6,0.9097999999999999
1629004,SVI MYKHAILIUK,4.0,0.569,0.156,0.3,0.0,1.0,0.9097
1641945,JAYLIN GALLOWAY,2.85,0.438,0.12,0.3,1.8,1.45,0.9081
1626246,BOBAN MARJANOVIĆ,3.2,0.529,0.247,0.1,0.1,1.8,0.9078499999999999
27735,JARKEL JOINER,4.3,0.4,0.198,0.0,0.0,1.0,0.9047
1630264,ANTHONY GILL,3.8,0.5,0.177,0.3,0.2,1.1,0.89905
1641882,GABE KALSCHEUR,4.050000000000001,0.528,0.175,0.4,0.2,0.75,0.8968500000000001
1642061,JOSHUA ALEXANDER,2.3,0.395,0.091,0.1,0.6,2.7,0.89515
1629745,TARIQ OWENS,4.0,0.5,0.142,0.0,0.3,1.0,0.8937999999999999
1629524,BRIDGET CARLETON,3.2,0.471,0.106,0.3,0.1,1.8,0.8900999999999999
1630550,JT THOR,3.2,0.514,0.113,0.2,0.4,1.6,0.88475
1631340,MOJAVE KING,3.95,0.452,0.1865,0.5,0.4,0.7,0.883375
1630844,TROY BAXTER JR.,4.0,0.833,0.273,0.0,0.0,0.5,0.88255
1631006,KIERSTAN BELL,3.7,0.412,0.174,0.4,0.1,1.2,0.881
1629642,NASSIR LITTLE,3.4,0.544,0.132,0.2,0.2,1.4,0.8786
201988,PATTY MILLS,4.0,0.443,0.152,0.6,0.0,0.8,0.8764000000000001
1630607,CHRIS SMITH,3.4,0.438,0.153,0.4,0.2,1.4,0.87555
1629162,JORDAN MCLAUGHLIN,3.5,0.628,0.119,0.6,0.1,1.0,0.87095
1629139,YUTA WATANABE,3.4,0.461,0.129,0.4,0.2,1.3,0.86155
1631259,DAVID MCCORMACK,3.5,0.2,0.211,0.5,1.0,1.0,0.85915
1641853,MANNY BATES,3.3,0.385,0.147,0.7,0.7,1.0,0.84905
1641885,ADAM SEIKO,3.0,1.5,0.143,1.0,0.0,0.0,0.8464499999999999
202397,ISH SMITH,3.2,0.43,0.119,0.4,0.1,1.5,0.8463499999999999
27703,TAYLOR FUNK,3.5,0.368,0.14,0.0,0.0,1.5,0.8446
1630568,LUKA GARZA,4.0,0.54,0.278,0.2,0.0,0.5,0.8397
203583,ABDUL GADDY,2.8,0.486,0.098,0.7,0.2,1.6,0.8394
1630192,ZEKE NNAJI,3.2,0.483,0.15,0.3,0.7,1.1,0.8391
203458,ALEX LEN,2.5,0.617,0.114,0.2,0.7,1.7,0.8380000000000001
1642037,T.J. CLARK,3.4,0.533,0.155,0.7,0.3,0.8,0.83485
1630386,AWAK KUIER,2.6,0.407,0.12,0.2,0.6,1.9,0.8344
203488,MIKE MUSCALA,3.0,0.449,0.132,0.2,0.2,1.6,0.8296
1629667,JALEN MCDANIELS,3.4,0.376,0.179,0.4,0.1,1.2,0.82955
27733,LOGAN JOHNSON,3.5,0.625,0.146,1.0,0.0,0.5,0.8219
1630602,CHAUNDEE BROWN JR.,2.0,0.188,0.164,0.0,0.5,2.8,0.8196999999999999
1630996,RAE BURRELL,3.6,0.473,0.154,0.4,0.1,0.8,0.8152
1627643,CYESHA GOREE,3.9,0.516,0.139,0.3,0.1,0.5,0.8140499999999998
202083,WESLEY MATTHEWS,3.1,0.474,0.118,0.4,0.3,1.2,0.8099999999999998
1641652,MADDY SIEGRIST,3.7,0.531,0.156,0.2,0.2,0.6,0.8046000000000001
1641505,JUSTIN KIER,2.35,0.438,0.11499999999999999,0.6,0.2,1.9,0.8023499999999999
1631089,DESTANNI HENDERSON,3.8,0.36,0.168,0.5,0.1,0.6,0.8021999999999998
1631471,SAM DANIEL,3.3,0.611,0.162,0.5,0.0,0.8,0.7989999999999999
202066,GARRETT TEMPLE,3.3,0.449,0.147,0.4,0.1,1.0,0.7943499999999999
1641990,KEYSHAWN BRYANT,2.5,0.326,0.159,0.3,0.5,1.8,0.79405
1630579,JERICHO SIMS,2.0,0.691,0.06,0.2,0.4,2.0,0.7922
1631443,ARMON FLETCHER,3.3,0.382,0.19,0.2,0.1,1.1,0.7874
27744,KAMAKA HEPA,2.0,1.0,0.056,0.3,0.0,1.7,0.7858999999999999
1631341,CHANDLER VAUDRIN,2.6,0.75,0.083,1.5,0.3,0.65,0.7849499999999999
1630677,AMAR SYLLA,2.0,0.5,0.096,0.3,0.0,2.3,0.7819
203490,OTTO PORTER JR.,2.6,0.545,0.083,0.3,0.3,1.5,0.78145
201911,KRISTI TOLIVER,3.6,0.462,0.205,0.3,0.0,0.6,0.77565
1628393,JAWUN EVANS,3.0,0.35,0.16,0.3,0.5,1.0,0.7539999999999999
1627745,DAMIAN JONES,2.7,0.618,0.149,0.2,0.3,1.1,0.7534500000000001
1628238,PARIS BASS,2.0,0.429,0.145,0.3,0.0,2.0,0.73005
1630240,SABEN LEE,3.0,0.382,0.186,0.3,0.1,0.9,0.7192999999999999
203493,REGGIE BULLOCK JR.,2.2,0.579,0.091,0.3,0.1,1.5,0.71445
203816,SCOTTY HOPSON,3.0,0.383,0.173,0.3,0.0,0.9,0.71005
1630272,E.J. MONTGOMERY,2.0,0.4,0.145,0.0,0.7,1.7,0.7092499999999999
202693,MARKIEFF MORRIS,2.5,0.449,0.153,0.2,0.1,1.3,0.7052499999999999
1631055,NYARA SABALLY,2.3,0.441,0.146,0.1,0.2,1.5,0.7025999999999999
1631007,VERONICA BURTON,2.4,0.371,0.083,0.7,0.3,1.2,0.7016499999999999
27705,TRENTON MASSNER,2.5,0.455,0.117,0.8,0.0,1.0,0.69355
1628514,PETER JOK,1.9,0.35,0.118,0.5,0.1,1.8,0.6877
1641992,DONALD CAREY,2.9,0.364,0.187,0.3,0.1,0.8,0.6858499999999998
200782,P.J. TUCKER,1.7,0.49,0.052,0.5,0.2,1.8,0.6833
1629216,GABE VINCENT,3.1,0.337,0.105,0.8,0.0,0.5,0.6831499999999999
204297,CAYLA GEORGE,2.3,0.361,0.208,0.3,0.2,1.3,0.6809000000000001
203389,YVONNE TURNER,2.5,0.476,0.134,0.4,0.1,1.0,0.6778
1630387,ILIANA RUPERT,1.8,0.441,0.129,0.4,0.4,1.6,0.6775500000000001
1629643,CHUMA OKEKE,2.3,0.46,0.131,0.2,0.1,1.3,0.67415
1631141,JADE MELBOURNE,2.6,0.414,0.139,0.4,0.0,1.0,0.6736500000000001
1641905,SADIK KABACA,3.0,0.6,0.182,0.0,0.0,0.5,0.6722999999999999
1641656,LAETICIA AMIHERE,2.7,0.405,0.202,0.2,0.4,0.7,0.6663
1641937,DAVID SHRIVER,1.5,0.25,0.1,1.0,0.0,2.0,0.665
1641940,KHALID MOORE,2.0,0.389,0.08,0.0,0.0,1.8,0.6597999999999999
1628287,JENNIE SIMMS,2.2,0.286,0.148,0.3,0.0,1.5,0.6569
202662,JASMINE THOMAS,2.7,0.341,0.148,0.3,0.2,0.8,0.6529
1631236,KOK YAT,2.4,0.532,0.147,0.3,0.2,0.8,0.64595
27750,NICK PERKINS,1.5,1.5,0.3,0.0,0.0,0.5,0.645
1631083,EMILY ENGSTLER,1.8,0.429,0.157,0.4,0.1,1.5,0.64185
27747,NIKE SIBANDE,1.5,0.5,0.107,0.5,0.5,1.5,0.6410499999999999
1626203,TREVEON GRAHAM,1.8,0.274,0.112,0.7,0.0,1.6,0.6341
1627788,FURKAN KORKMAZ,2.5,0.487,0.126,0.4,0.1,0.7,0.6337999999999999
1631410,KAMERON HANKERSON,2.2,0.505,0.1685,0.4,0.3,0.8,0.628775
1630043,BERNADETT HATÁR,2.0,0.375,0.177,0.7,0.3,1.0,0.6265499999999999
1642020,"ERIC WILLIAMS, JR.",2.5,0.278,0.154,0.8,0.5,0.5,0.6262
202709,CORY JOSEPH,2.4,0.461,0.108,0.2,0.1,0.9,0.6259
1629369,FRED SIMS JR.,2.0,0.25,0.333,1.0,0.0,1.0,0.62495
203469,CODY ZELLER,1.8,0.427,0.116,0.2,0.1,1.5,0.6203000000000001
1641659,TAYLOR MIKESELL,2.8,0.65,0.164,0.0,0.0,0.3,0.6196
1630688,ISH WAINRIGHT,2.1,0.438,0.166,0.4,0.1,1.0,0.615
1642073,MICHAEL HARDEN,1.6,0.262,0.144,0.7,0.0,1.6,0.6065
1642021,K.C. NDEFO,1.7,0.5,0.101,0.3,0.4,1.2,0.6026499999999999
1629485,KRISTINE ANIGWE,1.9,0.417,0.16,0.2,0.4,1.1,0.6024
1641502,LANDON KIRKWOOD,2.0,0.286,0.113,1.0,0.0,1.0,0.59915
1641944,KRIS BANKSTON,0.8,0.333,0.089,0.8,0.5,2.0,0.59745
201959,TAJ GIBSON,1.7,0.432,0.092,0.2,0.4,1.3,0.5952
1641866,JUSTYN MUTTS,2.0,0.75,0.081,0.3,0.0,0.7,0.58965
203925,JOE HARRIS,2.4,0.487,0.104,0.2,0.1,0.6,0.5855
163172,,1.7,0.286,0.214,0.0,0.3,1.3,0.5618000000000001
203824,ODYSSEY SIMS,2.0,0.319,0.112,0.4,0.0,1.0,0.5606
1642070,BRYCE GOLDEN,2.0,0.5,0.267,0.0,0.0,0.8,0.5600499999999999
1630825,ALAN GRIFFIN,2.3,0.6,0.25,0.0,0.0,0.3,0.5475
1630614,MARCUS CARR,1.5,0.2,0.127,0.5,0.0,1.5,0.5465499999999999
1641653,ASHLEY JOENS,2.1,0.5,0.146,0.2,0.0,0.6,0.5419
1630693,JAIME ECHENIQUE,2.0,1.0,0.263,0.0,0.0,0.0,0.53945
27706,JUSTIN POWELL,2.0,0.429,0.133,0.3,0.0,0.7,0.53325
196294389,,2.0,0.25,0.2,0.0,0.0,1.0,0.53
1641670,MADI WILLIAMS,2.0,0.333,0.188,0.4,0.2,0.6,0.5297999999999999
204320,AMANDA ZAHUI B,1.7,0.3,0.157,0.2,0.5,0.9,0.52605
1629702,SAVION FLAGG,1.3,0.1,0.148,0.5,0.3,1.5,0.5222
1629958,AHMAD CAVER,2.5,0.4,0.196,0.5,0.0,0.0,0.5219
27711,MIKE BOTHWELL,1.4,0.292,0.144,0.0,0.2,1.4,0.515
1630189,TYLER BEY,0.7,1.0,0.02,0.0,0.0,1.3,0.503
1641690,KADI SISSOKO,1.5,0.395,0.123,0.1,0.1,1.1,0.5024500000000001
1630318,JORDAN JACKSON,1.8,0.361,0.152,0.1,0.1,0.8,0.5
1642115,KONG KONG,1.4,1.25,0.106,0.0,0.1,0.1,0.4984
1641903,JUSTIN GORHAM,0.5,0.143,0.096,0.0,0.0,2.5,0.493
1631029,JASMINE DICKEY,2.1,0.382,0.171,0.3,0.1,0.3,0.49205000000000004
27712,WENDELL GREEN,2.0,0.417,0.222,0.0,0.0,0.5,0.49169999999999997
1630471,MAYA CALDWELL,1.9,0.319,0.142,0.3,0.1,0.6,0.4901
1641700,LIZ DIXON,1.9,0.526,0.151,0.0,0.2,0.4,0.48785
202259,EPIPHANNY PRINCE,1.8,0.5,0.135,0.2,0.1,0.5,0.4877500000000001
1642057,DANIEL GIDDENS,1.6,0.289,0.146,0.3,0.1,0.9,0.4847
27724,WALTER ELLIS,2.0,0.6,0.114,0.0,0.0,0.3,0.4821
27741,KIHEI CLARK,2.0,0.25,0.173,0.7,0.0,0.3,0.47345
27727,JAREN LEWIS,0.0,0.0,0.143,2.0,0.0,2.0,0.47145
1630582,YVES PONS,1.0,0.2,0.082,0.5,0.0,1.5,0.4648
1641846,MARK SMITH,0.8,0.091,0.169,0.0,0.0,2.0,0.46355
1630678,TERRY TAYLOR,1.5,0.538,0.108,0.2,0.1,0.6,0.46130000000000004
27713,CEDRIC HENDERSON JR.,1.0,0.75,0.067,0.0,0.0,1.0,0.46005000000000007
1628268,ALAINA COATES,0.9,0.833,0.174,0.3,0.0,0.7,0.4552
1641570,VANCE JACKSON,1.3,0.375,0.185,0.0,0.0,1.0,0.44775
1629566,HAN XU,1.5,0.3,0.291,0.3,0.1,0.5,0.43365000000000004
1641894,JT SHUMATE,2.0,0.5,0.167,0.0,0.0,0.0,0.42505
1629660,TY JEROME,2.0,0.5,0.147,0.0,0.0,0.0,0.42205
1641925,JAMES CARON BUTLER JR.,1.4,0.438,0.092,0.0,0.2,0.6,0.4164
1642017,PAVEL SAVKOV,1.7,0.429,0.213,0.3,0.0,0.1,0.41025000000000006
1630441,ARELLA GUIRANTES,1.3,0.281,0.172,0.1,0.4,0.6,0.40449999999999997
27717,ELIJAH MCCADDEN,0.8,0.5,0.069,0.0,0.2,1.0,0.39535
1631002,NIA CLOUDEN,1.6,0.35,0.154,0.0,0.0,0.4,0.39309999999999995
202641,SYDNEY COLSON,1.3,0.556,0.111,0.3,0.0,0.3,0.39035000000000003
1630097,KAILA CHARLES,1.5,0.25,0.118,0.3,0.0,0.5,0.3902
1642080,JEDIDIAH TSASA,2.0,0.333,0.111,0.0,0.0,0.0,0.38325
1641687,VICTARIA SAXTON,1.3,0.361,0.221,0.1,0.0,0.5,0.38285
1629678,ADMIRAL SCHOFIELD,1.1,0.5,0.167,0.0,0.0,0.6,0.38005
1628897,LINNAE HARPER,1.4,0.385,0.168,0.1,0.0,0.4,0.37970000000000004
1641671,ABBY MEYERS,1.4,0.385,0.163,0.1,0.2,0.3,0.37895
1631091,EVINA WESTBROOK,1.1,0.2,0.149,0.2,0.2,0.8,0.37735
1631032,LORELA CUBAJ,0.0,0.0,0.048,0.0,0.3,2.3,0.3747
1641812,SPENCER RODGERS,1.0,0.292,0.093,0.3,1.0,0.3,0.36484999999999995
1630139,JOCELYN WILLOUGHBY,1.2,0.517,0.089,0.1,0.0,0.4,0.36425
1628373,FRANK NTILIKINA,1.0,0.167,0.111,0.0,0.0,1.0,0.35005
1641946,SAM WAARDENBURG,2.0,0.0,0.333,0.0,0.0,0.0,0.34995
1642063,MIKE WATKINS,1.0,0.5,0.125,0.0,0.0,0.5,0.34375
27702,JA'VON FRANKLIN,1.5,0.0,0.125,0.0,0.0,0.5,0.31875
1641665,LEIGHA BROWN,0.8,0.327,0.129,0.2,0.1,0.6,0.31725000000000003
201949,JAMES JOHNSON,0.9,0.3,0.137,0.6,0.1,0.3,0.31305
203648,THANASIS ANTETOKOUNMPO,0.9,0.533,0.125,0.2,0.1,0.2,0.3128500000000001
1642008,NATHAN CAYO,1.0,0.333,0.085,0.3,0.2,0.3,0.31185
201577,ROBIN LOPEZ,1.1,0.421,0.139,0.1,0.2,0.1,0.30755000000000005
1630672,BRANDON RACHAL,1.0,0.5,0.25,0.0,0.0,0.0,0.2875
1631234,MARCUS BINGHAM JR.,0.0,0.0,0.184,0.3,0.3,1.3,0.2676
1641672,KAYANA TRAYLOR,1.0,0.3,0.171,0.3,0.0,0.0,0.25815
1631419,SEAN MILLER-MOORE,0.0,0.0,0.087,0.0,0.0,1.5,0.23804999999999998
1631482,ISAAC JOHNSON,0.7,0.25,0.104,0.2,0.0,0.3,0.23059999999999997
1641895,TYREE APPLEBY,1.0,0.3,0.127,0.0,0.0,0.0,0.22904999999999998
1641667,TAYLOR SOULE,0.6,0.143,0.171,0.0,0.1,0.3,0.19674999999999998
201980,DANNY GREEN,0.0,0.0,0.043,0.5,0.0,1.0,0.19394999999999998
1641897,WILL YOAKUM,0.0,0.0,0.114,0.0,0.0,1.0,0.1671
1631068,SAM THOMAS,0.0,0.0,0.074,0.0,0.0,1.0,0.1611
1641887,JUSTIN JOHNSON,0.0,0.0,0.0,0.0,0.0,1.0,0.15
1630935,DAVID BELL,0.0,0.0,0.108,0.0,0.5,0.5,0.12869999999999998
1631294,THEO JOHN,0.3,0.0,0.05,0.0,0.3,0.3,0.12
1631476,ERON GORDON,0.5,0.0,0.133,0.0,0.0,0.0,0.09494999999999999
1631396,JORDAN GOLDWIRE,0.0,0.0,0.13,1.0,0.0,0.0,0.0945
27726,VIN BAKER JR.,0.0,0.0,0.0,0.5,0.0,0.0,0.0375
1641546,JAMARI WHEELER,0.0,0.0,0.182,0.0,0.0,0.0,0.027299999999999998
27748,KAODIRICHI AKOBUNDO-EHIOGU,0.0,0.0,0.143,0.0,0.0,0.0,0.021449999999999997
1641888,JHONATHAN DUNN,0.0,0.0,0.111,0.0,0.0,0.0,0.016649999999999998
1628949,KHAALIA HILLSMAN,0.0,0.0,0.0,0.0,0.0,0.0,0.0
1630100,LAUREN COX,0.0,0.0,0.0,0.0,0.0,0.0,0.0
1642237,JORGE DE LA SERNA,0.0,0.0,0.0,0.0,0.0,0.0,0.0
